column_three,column_four
12V,C100.1
GND,C100.2
3.3V,C10.1
S_1.2V_DDR_EN,C101.1
GND,C101.2
GND,C10.2
12V,C102.1
GND,C102.2
VCORE,C103.1
GND,C103.2
S_BOOT_VCORE_RC_P1,C104.1
S_BOOT_VCORE_P1,C104.2
1.2V_DDR,C105.1
GND,C105.2
S_1.2V_DDR_FB_R,C106.1
S_1.2V_DDR_FB_RC,C106.2
12V,C107.1
GND,C107.2
12V,C108.1
GND,C108.2
1.2V_DDR,C109.1
GND,C109.2
3.3V_SH,C1.1
VCC_1.2V,C110.1
GND,C110.2
3.3V,C11.1
S_1.2V_DDR_SS,C111.1
GND,C111.2
GND,C11.2
AGND_1.2V_DDR,C112.1
S_1.2V_DDR_SS,C112.2
VCORE,C113.1
GND,C113.2
VCORE,C114.1
GND,C114.2
12V,C115.1
GND,C115.2
12V,C116.1
GND,C116.2
3.3V,C117.1
GND,C117.2
VDDCPA,C118.1
VSSCPA,C118.2
AG_SW_VCORE_P2,C119.1
AG_VCORE_RC_SNB_P2,C119.2
GND,C1.2
5V,C120.1
GND,C120.2
3.3V,C12.1
S_VCC_VCORE_P2,C121.1
GND,C121.2
GND,C12.2
S_VCORE_ACSP2_N,C122.1
GND,C122.2
3.3V,C123.1
GND,C123.2
VCORE,C124.1
GND,C124.2
VCORE,C125.1
GND,C125.2
S_UART_RST_L,C126.1
GND,C126.2
3.3V,C127.1
GND,C127.2
3.3V,C128.1
GND,C128.2
1.2V,C129.1
GND,C129.2
S_BOOT_VCORE_RC_P2,C130.1
S_BOOT_VCORE_P2,C130.2
VDDIM_EMMC,C13.1
12V,C131.1
GND,C131.2
GND,C13.2
12V,C132.1
GND,C132.2
S_CCLK_LVDS_P,C133.1
S_CCLK_P,C133.2
VCORE,C134.1
GND,C134.2
12V,C135.1
GND,C135.2
12V,C136.1
GND,C136.2
5V,C137.1
GND,C137.2
3.3V_VIN_CONT,C138.1
GND,C138.2
1.8V_VDDPLLPX,C139.1
GND_VSSPLLPX,C139.2
3.3V_CCLK_LVDS_OCS,C140.1
GND,C140.2
3.3V,C14.1
S_CCLK_LVDS_N,C141.1
S_CCLK_N,C141.2
GND,C14.2
12V,C142.1
GND,C142.2
5V,C143.1
GND,C143.2
S_5V_SS,C144.1
AGND_5V,C144.2
S_VREF_CONT,C145.1
GND,C145.2
SE_CLK_GEN_HUB_XO_R,C146.1
GND,C146.2
3.3V_GEN_CLK,C147.1
GND,C147.2
SE_CLK_GEN_XO_R,C148.1
GND,C148.2
GND,C149.1
SE_CLK_GEN_XI,C149.2
1.8V_VDDPLLPX,C150.1
GND_VSSPLLPX,C150.2
VDDIM_EMMC,C15.1
3.3V,C151.1
GND,C151.2
GND,C15.2
3.3V,C152.1
GND,C152.2
3.3V_USB_OSC,C153.1
GND,C153.2
3.3V_USB_OSC,C154.1
GND,C154.2
1.2V_PWR_USBPHY,C155.1
GND,C155.2
3.3V_PWR_USBPHY,C156.1
GND,C156.2
VDD_USB_PLLFILT,C157.1
GND,C157.2
SE_CLK_GEN_HUB_XI,C158.1
GND,C158.2
3.3V_GEN_CLK,C159.1
GND,C159.2
3.3V,C160.1
GND,C160.2
1.2V_DDR,C16.1
3.3V_CCLK_LVDS_OCS,C161.1
GND,C161.2
GND,C16.2
3.3V,C162.1
GND,C162.2
3.3V_GEN_CLK,C163.1
GND,C163.2
1.8V,C164.1
GND,C164.2
3.3V_CCLK_LVDS,C165.1
GND,C165.2
3.3V_VDDA,C166.1
GND,C166.2
S_PRSNT_L,C167.1
L_TERM_B81_C,C167.2
L_TERM_B82,C168.1
L_TERM_B82_C,C168.2
3.3V,C169.1
GND,C169.2
VDD_USB_CRFILT,C170.1
GND,C170.2
2.5V,C17.1
12V,C171.1
GND,C171.2
GND,C17.2
L_TERM_A19_C,C172.1
SE_SER_DO_CONN,C172.2
L_TERM_B48,C173.1
L_TERM_B48_C,C173.2
L_TERM_A50_C,C174.1
L_TERM_A50,C174.2
L_TERM_B17,C175.1
L_TERM_B17_C,C175.2
L_TERM_B31,C176.1
L_TERM_B31_C,C176.2
0.6V_VTT,C177.1
GND,C177.2
0.6V_VTT,C178.1
GND,C178.2
3.3V_SH,C179.1
GND,C179.2
0.6V_VTT,C180.1
GND,C180.2
1.2V_DDR,C18.1
0.6V_VTT,C181.1
GND,C181.2
GND,C18.2
0.6V_VTT,C182.1
GND,C182.2
0.6V_VTT,C183.1
GND,C183.2
1.2V_DDR,C184.1
GND,C184.2
1.2V_DDR,C185.1
GND,C185.2
1.2V_DDR,C186.1
GND,C186.2
1.2V_DDR,C187.1
GND,C187.2
3.3V,C188.1
GND,C188.2
0.6V_VTT,C189.1
GND,C189.2
1.2V_DDR,C190.1
GND,C190.2
2.5V,C19.1
2.5V,C191.1
GND,C191.2
GND,C19.2
1.2V_DDR,C192.1
GND,C192.2
2.5V,C193.1
GND,C193.2
1.2V_DDR,C194.1
GND,C194.2
2.5V,C195.1
GND,C195.2
1.2V_DDR,C196.1
GND,C196.2
2.5V,C197.1
GND,C197.2
0.6V_VTT,C198.1
GND,C198.2
GND,C199.1
0.6V_VREFCA,C199.2
GND,C200.1
0.6V_VREFCA,C200.2
1.2V_DDR,C20.1
GND,C201.1
0.6V_VREFCA,C201.2
GND,C20.2
GND,C202.1
0.6V_VREFCA,C202.2
1.2V_DDR,C203.1
GND,C203.2
1.2V_DDR,C204.1
GND,C204.2
S_GMII_RST,C205.1
GND,C205.2
S_RJ45_TRCT1,C206.1
GND,C206.2
S_RJ45_TRCT2,C207.1
GND,C207.2
1.2V_DDR,C208.1
GND,C208.2
1.2V_DDR,C209.1
GND,C209.2
3.3V_SH,C2.1
1.2V_DDR,C210.1
GND,C210.2
2.5V,C21.1
1.2V_DDR,C211.1
GND,C211.2
GND,C21.2
1.2V_DDR,C212.1
GND,C212.2
1.2V_DDR,C213.1
GND,C213.2
1.2V_DDR,C214.1
GND,C214.2
1.2V_DDR,C215.1
GND,C215.2
1.2V_DDR,C216.1
GND,C216.2
3.3V_RCLK_LVDS_OCS,C217.1
GND,C217.2
3.3V_RCLK_LVDS,C218.1
GND,C218.2
DDR4_CK1_TERM,C219.1
1.2V_DDR,C219.2
GND,C2.2
DDR4_CK0_TERM,C220.1
1.2V_DDR,C220.2
1.2V_DDR,C22.1
0.6V_VTT,C221.1
GND,C221.2
GND,C22.2
1.2V_DDR,C222.1
GND,C222.2
1.2V_DDR,C223.1
GND,C223.2
1.2V_DDR,C224.1
GND,C224.2
1.2V_DDR,C225.1
GND,C225.2
1.2V_DDR,C226.1
GND,C226.2
1.2V_DDR,C227.1
GND,C227.2
1.2V_DDR,C228.1
GND,C228.2
1.2V_DDR,C229.1
GND,C229.2
DDR4_ALERT_N_R,C230.1
GND,C230.2
2.5V,C23.1
12V,C231.1
GND,C231.2
GND,C23.2
1.2V_AVDDL,C232.1
GND,C232.2
0.6V_VTT,C233.1
GND,C233.2
1.2V_DDR,C234.1
GND,C234.2
0.6V_VTT,C235.1
GND,C235.2
2.5V,C236.1
GND,C236.2
2.5V,C237.1
GND,C237.2
2.5V,C238.1
GND,C238.2
2.5V,C239.1
GND,C239.2
1.2V_DDR,C240.1
GND,C240.2
1.2V_DDR,C24.1
1.2V_DDR,C241.1
GND,C241.2
GND,C24.2
1.2V_DDR,C242.1
GND,C242.2
12V,C243.1
GND,C243.2
1.8V,C244.1
GND,C244.2
3.3V,C245.1
GND,C245.2
1.2V_DVDDL,C246.1
GND,C246.2
1.2V_AVDDL_PLL,C247.1
GND,C247.2
1.2V_AVDDL,C248.1
GND,C248.2
3.3V,C249.1
GND,C249.2
0.6V_VTT,C250.1
GND,C250.2
2.5V,C25.1
0.6V_VTT,C251.1
GND,C251.2
GND,C25.2
VTT_REFIN,C252.1
GND,C252.2
1.2V_DDR,C253.1
GND,C253.2
1.2V_DDR,C254.1
GND,C254.2
1.2V_DDR,C255.1
GND,C255.2
1.2V_DDR,C256.1
GND,C256.2
1.2V_DDR,C257.1
GND,C257.2
1.2V_DDR,C258.1
GND,C258.2
1.2V_DDR,C259.1
GND,C259.2
1.2V_DDR,C260.1
GND,C260.2
1.2V_DDR,C26.1
1.2V_DDR,C261.1
GND,C261.2
GND,C26.2
1.8V,C262.1
GND,C262.2
1.8V,C263.1
GND,C263.2
VCORE,C264.1
GND,C264.2
1.8V,C265.1
GND,C265.2
1.2V_DVDDL,C266.1
GND,C266.2
3.3V,C267.1
GND,C267.2
1.2V_AVDDL,C268.1
GND,C268.2
1.2V_AVDDL,C269.1
GND,C269.2
1.2V_AVDDL,C270.1
GND,C270.2
SE_CLK_GEN_GMII_XO_R,C27.1
0.6V_VREFCA,C271.1
GND,C271.2
GND,C27.2
3.3V,C272.1
GND,C272.2
12V,C273.1
GND,C273.2
S_2.5V_EN,C274.1
GND,C274.2
S_2.5V_SS,C275.1
GND_ANALOG_2.5V,C275.2
12V,C276.1
GND,C276.2
1.2V_DDR,C277.1
GND,C277.2
DDR4_CK0_N,C278.1
DDR4_CK0_P,C278.2
DDR4_CK1_N,C279.1
DDR4_CK1_P,C279.2
1.2V_DDR,C280.1
GND,C280.2
3.3V_SH,C28.1
1.2V_DDR,C281.1
GND,C281.2
GND,C28.2
1.2V_DDR,C282.1
GND,C282.2
1.2V_DDR,C283.1
GND,C283.2
1.2V_DDR,C284.1
GND,C284.2
1.2V_DDR,C285.1
GND,C285.2
1.2V_DDR,C286.1
GND,C286.2
1.8V_VAA_DDR_PLL,C287.1
GND,C287.2
VCORE,C288.1
GND,C288.2
VCORE,C289.1
GND,C289.2
VCORE,C290.1
GND,C290.2
3.3V,C29.1
VCORE,C291.1
GND,C291.2
GND,C29.2
VCORE,C292.1
GND,C292.2
VCORE,C293.1
GND,C293.2
VCORE,C294.1
GND,C294.2
VCORE,C295.1
GND,C295.2
VCORE,C296.1
GND,C296.2
VCORE,C297.1
GND,C297.2
VCORE,C298.1
GND,C298.2
VCORE,C299.1
GND,C299.2
VCORE,C300.1
GND,C300.2
3.3V,C30.1
VCORE,C301.1
GND,C301.2
GND,C30.2
VCORE,C302.1
GND,C302.2
VCORE,C303.1
GND,C303.2
VCORE,C304.1
GND,C304.2
VCORE,C305.1
GND,C305.2
VCORE,C306.1
GND,C306.2
VCORE,C307.1
GND,C307.2
VCORE,C308.1
GND,C308.2
VCORE,C309.1
GND,C309.2
1.2V_DDR,C3.1
VCORE,C310.1
GND,C310.2
3.3V,C31.1
VCORE,C311.1
GND,C311.2
GND,C31.2
VCORE,C312.1
GND,C312.2
VCORE,C313.1
GND,C313.2
VCORE,C314.1
GND,C314.2
VCORE,C315.1
GND,C315.2
VDDCPA1,C316.1
VSSCPA1,C316.2
VDDCPA1,C317.1
VSSCPA1,C317.2
VDDCPA1,C318.1
VSSCPA1,C318.2
VCORE,C319.1
GND,C319.2
GND,C3.2
VDDCPA1,C320.1
VSSCPA1,C320.2
3.3V,C32.1
AG_1.8V_BST_R,C321.1
AG_1.8V_PH,C321.2
GND,C32.2
AG_1.8V_PH_R,C322.1
GND,C322.2
1.2V_DVDDL,C323.1
GND,C323.2
3.3V,C324.1
GND,C324.2
1.2V_DVDDL,C325.1
GND,C325.2
1.2V_DVDDL,C326.1
GND,C326.2
3.3V,C327.1
GND,C327.2
1.2V_AVDDL,C328.1
GND,C328.2
3.3V,C329.1
GND,C329.2
1.2V_AVDDL,C330.1
GND,C330.2
3.3V,C33.1
1.2V_AVDDL,C331.1
GND,C331.2
GND,C33.2
S_0.6V_VTT_EN,C332.1
GND,C332.2
12V,C333.1
GND,C333.2
12V,C334.1
GND,C334.2
1.2V_DDR,C335.1
GND,C335.2
VCORE,C336.1
GND,C336.2
1.8V_VAA_DDR_PLL,C337.1
GND,C337.2
1.2V_DDR,C338.1
GND,C338.2
1.2V_DDR,C339.1
GND,C339.2
1.2V_DDR,C340.1
GND,C340.2
1.2V_DDR,C34.1
1.2V_DDR,C341.1
GND,C341.2
GND,C34.2
1.2V_DDR,C342.1
GND,C342.2
1.2V_DDR,C343.1
GND,C343.2
1.2V_DDR,C344.1
GND,C344.2
1.8V_VAA_DDR_PLL,C345.1
GND,C345.2
VCORE,C346.1
GND,C346.2
VCORE,C347.1
GND,C347.2
VCORE,C348.1
GND,C348.2
VCORE,C349.1
GND,C349.2
VCORE,C350.1
GND,C350.2
1.2V_DDR,C35.1
VCORE,C351.1
GND,C351.2
GND,C35.2
VCORE,C352.1
GND,C352.2
VCORE,C353.1
GND,C353.2
VCORE,C354.1
GND,C354.2
VCORE,C355.1
GND,C355.2
VCORE,C356.1
GND,C356.2
VCORE,C357.1
GND,C357.2
VCORE,C358.1
GND,C358.2
VCORE,C359.1
GND,C359.2
VCORE,C360.1
GND,C360.2
GND,C36.1
VCORE,C361.1
GND,C361.2
0.6V_VREFCA,C36.2
VCORE,C362.1
GND,C362.2
VCORE,C363.1
GND,C363.2
VCORE,C364.1
GND,C364.2
VCORE,C365.1
GND,C365.2
VCORE,C366.1
GND,C366.2
VCORE,C367.1
GND,C367.2
VCORE,C368.1
GND,C368.2
VCORE,C369.1
GND,C369.2
VCORE,C370.1
GND,C370.2
GND,C37.1
VCORE,C371.1
GND,C371.2
0.6V_VREFCA,C37.2
VCORE,C372.1
GND,C372.2
VCORE,C373.1
GND,C373.2
VCORE,C374.1
GND,C374.2
VCORE,C375.1
GND,C375.2
VCORE,C376.1
GND,C376.2
VCORE,C377.1
GND,C377.2
VCORE,C378.1
GND,C378.2
VCORE,C379.1
GND,C379.2
VCORE,C380.1
GND,C380.2
GND,C38.1
VCORE,C381.1
GND,C381.2
0.6V_VREFCA,C38.2
VCORE,C382.1
GND,C382.2
VCORE,C383.1
GND,C383.2
VDDCPA1,C384.1
VSSCPA1,C384.2
VDDCPA2,C385.1
VSSCPA2,C385.2
VDDCPA2,C386.1
VSSCPA2,C386.2
VCORE,C387.1
GND,C387.2
3.3V_QSFP0,C388.1
GND,C388.2
3.3V_QSFP0,C389.1
GND,C389.2
2.5V,C390.1
GND,C390.2
GND,C39.1
2.5V,C391.1
GND,C391.2
0.6V_VREFCA,C39.2
AG_1.2V_DDR_PH_R,C392.1
GND,C392.2
1.2V_DDR,C393.1
GND,C393.2
12V,C394.1
GND,C394.2
VCORE,C395.1
GND,C395.2
1.8V,C396.1
GND,C396.2
1.2V_DDR,C397.1
GND,C397.2
1.2V_DDR,C398.1
GND,C398.2
1.2V_DDR,C399.1
GND,C399.2
1.2V_DDR,C400.1
GND,C400.2
GND,C40.1
1.2V_DDR,C401.1
GND,C401.2
0.6V_VREFCA,C40.2
VCORE,C402.1
GND,C402.2
VCORE,C403.1
GND,C403.2
VCORE,C404.1
GND,C404.2
VCORE,C405.1
GND,C405.2
VCORE,C406.1
GND,C406.2
VCORE,C407.1
GND,C407.2
VCORE,C408.1
GND,C408.2
VCORE,C409.1
GND,C409.2
1.2V_DDR,C4.1
VCORE,C410.1
GND,C410.2
1.2V_DDR,C41.1
VCORE,C411.1
GND,C411.2
GND,C41.2
VCORE,C412.1
GND,C412.2
VCORE,C413.1
GND,C413.2
VCORE,C414.1
GND,C414.2
VCORE,C415.1
GND,C415.2
VCORE,C416.1
GND,C416.2
VCORE,C417.1
GND,C417.2
VCORE,C418.1
GND,C418.2
VCORE,C419.1
GND,C419.2
GND,C4.2
VCORE,C420.1
GND,C420.2
3.3V,C42.1
VCORE,C421.1
GND,C421.2
GND,C42.2
VCORE,C422.1
GND,C422.2
VCORE,C423.1
GND,C423.2
VCORE,C424.1
GND,C424.2
VCORE,C425.1
GND,C425.2
VCORE,C426.1
GND,C426.2
VCORE,C427.1
GND,C427.2
VCORE,C428.1
GND,C428.2
VCORE,C429.1
GND,C429.2
VCORE,C430.1
GND,C430.2
3.3V_RCLK_LVDS_OCS,C43.1
VCORE,C431.1
GND,C431.2
GND,C43.2
VDDCPA2,C432.1
VSSCPA2,C432.2
VDDCPA2,C433.1
VSSCPA2,C433.2
12V,C434.1
GND,C434.2
12V,C435.1
GND,C435.2
3V_DIF_RTC,C436.1
GND,C436.2
12V,C438.1
GND,C438.2
12V,C439.1
GND,C439.2
12V,C440.1
GND,C440.2
1.2V_DDR,C44.1
VCORE,C441.1
GND,C441.2
GND,C44.2
VCORE,C442.1
GND,C442.2
VCORE,C443.1
GND,C443.2
VCORE,C444.1
GND,C444.2
VCORE,C445.1
GND,C445.2
VCORE,C446.1
GND,C446.2
VCORE,C447.1
GND,C447.2
VCORE,C448.1
GND,C448.2
VCORE,C449.1
GND,C449.2
VCORE,C450.1
GND,C450.2
1.2V_DDR,C45.1
VCORE,C451.1
GND,C451.2
GND,C45.2
VCORE,C452.1
GND,C452.2
VCORE,C453.1
GND,C453.2
VCORE,C454.1
GND,C454.2
VCORE,C455.1
GND,C455.2
VCORE,C456.1
GND,C456.2
VCORE,C457.1
GND,C457.2
VCORE,C458.1
GND,C458.2
VCORE,C459.1
GND,C459.2
VCORE,C460.1
GND,C460.2
1.2V_DDR,C46.1
VCORE,C461.1
GND,C461.2
GND,C46.2
VCORE,C462.1
GND,C462.2
VCORE,C463.1
GND,C463.2
VCORE,C464.1
GND,C464.2
VCORE,C465.1
GND,C465.2
VCORE,C466.1
GND,C466.2
VCORE,C467.1
GND,C467.2
VCORE,C468.1
GND,C468.2
VCORE,C469.1
GND,C469.2
VCORE,C470.1
GND,C470.2
1.2V_DDR,C47.1
3.3V,C471.1
GND,C471.2
GND,C47.2
3.3V,C472.1
GND,C472.2
VDDCPA2,C473.1
VSSCPA2,C473.2
S_3.3V_SS_P0,C474.1
GND_ANALOG_3.3V_P0,C474.2
3.3V,C475.1
GND,C475.2
S_RJ45_TRCT4,C476.1
GND,C476.2
S_RJ45_TRCT3,C477.1
GND,C477.2
3.3V_VDD_RTC,C478.1
GND,C478.2
1.2V,C479.1
GND,C479.2
3.3V,C480.1
GND,C480.2
1.2V_DDR,C48.1
L_1.2V_SW_SS,C481.1
GND,C481.2
GND,C48.2
12V,C482.1
GND,C482.2
VCORE,C483.1
GND,C483.2
1.8V_VDD18,C484.1
GND,C484.2
1.8V,C485.1
GND,C485.2
1.8V_VDD18,C486.1
GND,C486.2
VDDCPA,C487.1
VSSCPA,C487.2
1.8V_VDD18,C488.1
GND,C488.2
VCORE,C489.1
GND,C489.2
VCORE,C490.1
GND,C490.2
1.2V_DDR,C49.1
VCORE,C491.1
GND,C491.2
GND,C49.2
VCORE,C492.1
GND,C492.2
VCORE,C493.1
GND,C493.2
VCORE,C494.1
GND,C494.2
1.8V,C495.1
GND,C495.2
VCORE,C496.1
GND,C496.2
VCORE,C497.1
GND,C497.2
1.8V,C498.1
GND,C498.2
1.8V,C499.1
GND,C499.2
VCORE,C500.1
GND,C500.2
1.2V_DDR,C50.1
1.8V,C501.1
GND,C501.2
GND,C50.2
1.8V_VDDPLLPX,C502.1
GND_VSSPLLPX,C502.2
1.8V_VDDPLLPX,C503.1
GND_VSSPLLPX,C503.2
VCORE,C504.1
GND,C504.2
VCORE,C505.1
GND,C505.2
VCORE,C506.1
GND,C506.2
VCORE,C507.1
GND,C507.2
VCORE,C508.1
GND,C508.2
VCORE,C509.1
GND,C509.2
1.2V_DDR,C5.1
1.8V,C510.1
GND,C510.2
1.2V_DDR,C51.1
1.8V,C511.1
GND,C511.2
GND,C51.2
1.8V_VDDPLLPL,C512.1
GND_VSSPLLPL,C512.2
1.8V_VDDPLLPL,C513.1
GND_VSSPLLPL,C513.2
VCORE,C514.1
GND,C514.2
VCORE,C515.1
GND,C515.2
VCORE,C516.1
GND,C516.2
3.3V,C517.1
GND,C517.2
3.3V,C518.1
GND,C518.2
3.3V,C519.1
GND,C519.2
GND,C5.2
3.3V,C520.1
GND,C520.2
1.2V_DDR,C52.1
1.8V,C521.1
GND,C521.2
GND,C52.2
1.8V,C522.1
GND,C522.2
S_3.3V_SS,C523.1
GND_ANALOG_3.3V,C523.2
AG_1.2V_DDR_BST_R,C524.1
AG_1.2V_DDR_PH,C524.2
1.2V,C525.1
GND,C525.2
1.2V,C526.1
GND,C526.2
VCORE,C527.1
GND,C527.2
VDDCPA,C528.1
VSSCPA,C528.2
VCORE,C529.1
GND,C529.2
VCORE,C530.1
GND,C530.2
1.2V_DDR,C53.1
VCORE,C531.1
GND,C531.2
GND,C53.2
1.8V,C532.1
GND,C532.2
1.8V,C533.1
GND,C533.2
1.8V,C534.1
GND,C534.2
1.8V,C535.1
GND,C535.2
1.8V_VDDPLLPX,C536.1
GND_VSSPLLPX,C536.2
VCORE,C537.1
GND,C537.2
VCORE,C538.1
GND,C538.2
VCORE,C539.1
GND,C539.2
VCORE,C540.1
GND,C540.2
SE_CLK_GEN_GMII_XI,C54.1
VCORE,C541.1
GND,C541.2
GND,C54.2
VCORE,C542.1
GND,C542.2
1.8V,C543.1
GND,C543.2
1.8V,C544.1
GND,C544.2
1.8V_VDDPLLPL,C545.1
GND_VSSPLLPL,C545.2
VCORE,C546.1
GND,C546.2
VCORE,C547.1
GND,C547.2
3V_RTC_VBAT,C548.1
GND,C548.2
VDD_SENSE_SH,C549.1
VSS_SENSE,C549.2
1.2V,C550.1
GND,C550.2
3.3V,C55.1
VCORE,C551.1
GND,C551.2
GND,C55.2
VCORE,C552.1
GND,C552.2
VCORE,C553.1
GND,C553.2
VCORE,C554.1
GND,C554.2
VCORE,C555.1
GND,C555.2
1.2V,C556.1
GND,C556.2
1.2V,C557.1
GND,C557.2
1.2V,C558.1
GND,C558.2
1.2V,C559.1
GND,C559.2
1.2V,C560.1
GND,C560.2
1.2V_AVDDL_PLL,C56.1
1.2V,C561.1
GND,C561.2
GND,C56.2
3.3V,C562.1
GND,C562.2
3.3V,C563.1
GND,C563.2
1.2V,C564.1
GND,C564.2
1.2V,C565.1
GND,C565.2
3.3V_VCC1_P0,C566.1
GND,C566.2
3.3V_QSFP0,C567.1
GND,C567.2
3.3V,C568.1
GND,C568.2
3.3V_RTC_VOUT,C569.1
GND,C569.2
S_TAO_VCORE,C570.1
GND,C570.2
1.2V_DVDDL,C57.1
12V,C571.1
GND,C571.2
GND,C57.2
VCORE,C572.1
GND,C572.2
3.3V_VCC1_P0,C573.1
GND,C573.2
3.3V_VDD_RTC,C574.1
GND,C574.2
3.3V,C575.1
GND,C575.2
S_REG_VCORE_EN,C576.1
GND,C576.2
S_VINSEN_VCORE,C577.1
GND,C577.2
3.3V_VIN_CONT,C578.1
GND,C578.2
S_5V_EN,C579.1
GND,C579.2
12V,C580.1
GND,C580.2
1.8V,C58.1
VCORE,C581.1
GND,C581.2
GND,C58.2
1.2V,C582.1
GND,C582.2
3.3V_VCC_RX_P0,C583.1
GND,C583.2
3.3V_VCC_RX_P0,C584.1
GND,C584.2
3.3V,C585.1
GND,C585.2
S_VREF_CONT,C586.1
GND,C586.2
12V,C587.1
GND,C587.2
3.3V_GEN_CLK,C588.1
GND,C588.2
3.3V_GEN_R_CLK,C589.1
GND,C589.2
3.3V,C590.1
GND,C590.2
12V,C59.1
3.3V_PWR_USBPHY,C591.1
GND,C591.2
GND,C59.2
1.2V_PWR_USBPHY,C592.1
GND,C592.2
3.3V_SH,C593.1
GND,C593.2
S_FAN_TACH,C594.1
GND,C594.2
1.8V,C595.1
GND,C595.2
1.8V_VDDPLLPL,C596.1
GND_VSSPLLPL,C596.2
1.8V_VDDPLLPL,C597.1
GND_VSSPLLPL,C597.2
3.3V_VCC_TX_P0,C598.1
GND,C598.2
3.3V_VCC_TX_P0,C599.1
GND,C599.2
3.3V,C600.1
GND,C600.2
S_REG_1.8V_EN,C60.1
3.3V,C601.1
GND,C601.2
GND,C60.2
S_PGOOD_ADLY,C602.1
GND,C602.2
12V,C603.1
GND,C603.2
3.3V_GEN_CLK,C604.1
GND,C604.2
3.3V_GEN_CLK,C605.1
GND,C605.2
3.3V_GEN_CLK,C606.1
GND,C606.2
3.3V_SH,C607.1
GND,C607.2
S_HUB_RST_L,C608.1
GND,C608.2
3.3V,C609.1
GND,C609.2
1.2V_DDR,C6.1
3.3V,C610.1
GND,C610.2
S_RCLK_LVDS_N,C61.1
3.3V,C611.1
GND,C611.2
S_RCLK_N,C61.2
3.3V,C612.1
GND,C612.2
12V,C613.1
GND,C613.2
3.3V_VDDA,C614.1
GND,C614.2
3.3V_VDDA,C615.1
GND,C615.2
3.3V_GEN_CLK,C616.1
GND,C616.2
3.3V,C617.1
GND,C617.2
3.3V,C618.1
GND,C618.2
L_TERM_B30,C619.1
L_TERM_B30_C,C619.2
GND,C6.2
L_TERM_A33_C,C620.1
SE_SER_CAPTURE_CONN,C620.2
1.2V_DDR,C62.1
L_TERM_A32_C,C621.1
SE_SER_CLK_CONN,C621.2
GND,C62.2
PCIE_PERCLK0N,C622.1
S_CLK_GEN_DIFF0_N,C622.2
PCIE_PERCLK0N,C623.1
PCIE_REFCLK0_N,C623.2
PCIE_PERCLK0P,C624.1
S_CLK_GEN_DIFF0_P,C624.2
PCIE_PERCLK0P,C625.1
PCIE_REFCLK0_P,C625.2
12V,C626.1
GND,C626.2
PCIE_BF_CPU_15N_C,C627.1
PCIE_BF_CPU_15N,C627.2
PCIE_BF_CPU_15P_C,C628.1
PCIE_BF_CPU_15P,C628.2
PCIE_BF_CPU_14N_C,C629.1
PCIE_BF_CPU_14N,C629.2
PCIE_BF_CPU_14P_C,C630.1
PCIE_BF_CPU_14P,C630.2
1.2V_DDR,C63.1
PCIE_BF_CPU_13N_C,C631.1
PCIE_BF_CPU_13N,C631.2
GND,C63.2
PCIE_BF_CPU_13P_C,C632.1
PCIE_BF_CPU_13P,C632.2
PCIE_BF_CPU_12N_C,C633.1
PCIE_BF_CPU_12N,C633.2
PCIE_BF_CPU_12P_C,C634.1
PCIE_BF_CPU_12P,C634.2
PCIE_BF_CPU_11N_C,C635.1
PCIE_BF_CPU_11N,C635.2
PCIE_BF_CPU_11P_C,C636.1
PCIE_BF_CPU_11P,C636.2
PCIE_BF_CPU_10N_C,C637.1
PCIE_BF_CPU_10N,C637.2
PCIE_BF_CPU_10P_C,C638.1
PCIE_BF_CPU_10P,C638.2
PCIE_BF_CPU_09N_C,C639.1
PCIE_BF_CPU_09N,C639.2
PCIE_BF_CPU_09P_C,C640.1
PCIE_BF_CPU_09P,C640.2
1.2V_DDR,C64.1
PCIE_BF_CPU_08N_C,C641.1
PCIE_BF_CPU_08N,C641.2
GND,C64.2
PCIE_BF_CPU_08P_C,C642.1
PCIE_BF_CPU_08P,C642.2
PCIE_BF_CPU_07N_C,C643.1
PCIE_BF_CPU_07N,C643.2
PCIE_BF_CPU_07P_C,C644.1
PCIE_BF_CPU_07P,C644.2
PCIE_BF_CPU_06N_C,C645.1
PCIE_BF_CPU_06N,C645.2
PCIE_BF_CPU_06P_C,C646.1
PCIE_BF_CPU_06P,C646.2
PCIE_BF_CPU_05N_C,C647.1
PCIE_BF_CPU_05N,C647.2
PCIE_BF_CPU_05P_C,C648.1
PCIE_BF_CPU_05P,C648.2
PCIE_BF_CPU_04N_C,C649.1
PCIE_BF_CPU_04N,C649.2
PCIE_BF_CPU_04P_C,C650.1
PCIE_BF_CPU_04P,C650.2
1.2V_DDR,C65.1
PCIE_BF_CPU_03N_C,C651.1
PCIE_BF_CPU_03N,C651.2
GND,C65.2
PCIE_BF_CPU_03P_C,C652.1
PCIE_BF_CPU_03P,C652.2
PCIE_BF_CPU_02N_C,C653.1
PCIE_BF_CPU_02N,C653.2
PCIE_BF_CPU_02P_C,C654.1
PCIE_BF_CPU_02P,C654.2
PCIE_BF_CPU_01N_C,C655.1
PCIE_BF_CPU_01N,C655.2
PCIE_BF_CPU_01P_C,C656.1
PCIE_BF_CPU_01P,C656.2
PCIE_BF_CPU_00N_C,C657.1
PCIE_BF_CPU_00N,C657.2
PCIE_BF_CPU_00P_C,C658.1
PCIE_BF_CPU_00P,C658.2
SE_SER_DI_CONN,C659.1
L_TERM_B12_C,C659.2
2.5V,C660.1
GND,C660.2
1.2V_DDR,C66.1
2.5V,C661.1
GND,C661.2
GND,C66.2
3.3V_QSFP0,C666.1
GND,C666.2
3.3V,C667.1
GND,C667.2
5V,C668.1
GND,C668.2
1.2V_DDR,C67.1
GND,C67.2
1.8V,C68.1
GND,C68.2
1.8V,C69.1
GND,C69.2
12V,C70.1
GND,C70.2
1.2V_DDR,C7.1
S_1.8V_FB_R,C71.1
S_1.8V_FB_RC,C71.2
GND,C7.2
S_RCLK_LVDS_P,C72.1
S_RCLK_P,C72.2
2.5V,C73.1
GND,C73.2
2.5V,C74.1
GND,C74.2
2.5V,C75.1
GND,C75.2
2.5V,C76.1
GND,C76.2
2.5V,C77.1
GND,C77.2
1.8V,C78.1
GND,C78.2
S_1.8V_SS,C79.1
GND,C79.2
S_1.8V_SS,C80.1
GND_ANALOG_1.8V,C80.2
3.3V_SH,C8.1
VCORE,C81.1
GND,C81.2
GND,C8.2
1.2V_DDR,C82.1
GND,C82.2
1.2V_DDR,C83.1
GND,C83.2
3.3V,C84.1
GND,C84.2
VCC_1.8V,C85.1
GND,C85.2
12V,C86.1
GND,C86.2
VCORE,C87.1
GND,C87.2
AG_SW_VCORE_P1,C88.1
AG_VCORE_RC_SNB_P1,C88.2
5V,C89.1
GND,C89.2
S_VCC_VCORE_P1,C90.1
GND,C90.2
3.3V_SH,C9.1
S_VCORE_ACSP1_N,C91.1
GND,C91.2
GND,C9.2
1.2V_DDR,C92.1
GND,C92.2
12V,C93.1
GND,C93.2
12V,C94.1
GND,C94.2
3.3V_QSFP0,C95.1
GND,C95.2
VCORE,C96.1
GND,C96.2
1.2V_DDR,C97.1
GND,C97.2
1.2V_DDR,C98.1
GND,C98.2
12V,C99.1
GND,C99.2
column_one,column_two
3.3V,D1.1
L_GREEN_LED1_R_P0,D1.2
L_YELLOW_LED1_R_P0,D1.3
3.3V,D1.4
3.3V,D2.1
3.3V_AUX,D2.2
3.3V_SH,D2.3
3.3V,D3.1
GND,D3.2
3.3V,D4.1
GND,D4.2
L_GREEN_LED1_R_P0,D5.1
GND,D5.2
L_YELLOW_LED1_R_P0,D6.1
GND,D6.2
12V_PCIE_IN,F1.1
12V,F1.2
3.3V_AUX_F,F2.1
3.3V_AUX,F2.2
GND,H3.1
GND,H4.1
GND,H5.1
GND,H6.1
GND_CHASSIS,H7.1
GND_CHASSIS,H8.1
S_PRSNT_L,J1.A1
(Net0),J1.A10
S_PERST_CONN_L,J1.A11
GND,J1.A12
PCIE_REFCLK0_P,J1.A13
PCIE_REFCLK0_N,J1.A14
GND,J1.A15
PCIE_BF_CPU_00P,J1.A16
PCIE_BF_CPU_00N,J1.A17
GND,J1.A18
SE_SER_DO_CONN,J1.A19
12V_PCIE_IN,J1.A2
GND,J1.A20
PCIE_BF_CPU_01P,J1.A21
PCIE_BF_CPU_01N,J1.A22
GND,J1.A23
GND,J1.A24
PCIE_BF_CPU_02P,J1.A25
PCIE_BF_CPU_02N,J1.A26
GND,J1.A27
GND,J1.A28
PCIE_BF_CPU_03P,J1.A29
12V_PCIE_IN,J1.A3
PCIE_BF_CPU_03N,J1.A30
GND,J1.A31
SE_SER_CLK_CONN,J1.A32
SE_SER_CAPTURE_CONN,J1.A33
GND,J1.A34
PCIE_BF_CPU_04P,J1.A35
PCIE_BF_CPU_04N,J1.A36
GND,J1.A37
GND,J1.A38
PCIE_BF_CPU_05P,J1.A39
GND,J1.A4
PCIE_BF_CPU_05N,J1.A40
GND,J1.A41
GND,J1.A42
PCIE_BF_CPU_06P,J1.A43
PCIE_BF_CPU_06N,J1.A44
GND,J1.A45
GND,J1.A46
PCIE_BF_CPU_07P,J1.A47
PCIE_BF_CPU_07N,J1.A48
GND,J1.A49
(Net0),J1.A5
L_TERM_A50,J1.A50
GND,J1.A51
PCIE_BF_CPU_08P,J1.A52
PCIE_BF_CPU_08N,J1.A53
GND,J1.A54
GND,J1.A55
PCIE_BF_CPU_09P,J1.A56
PCIE_BF_CPU_09N,J1.A57
GND,J1.A58
GND,J1.A59
JTAG_LOOP,J1.A6
PCIE_BF_CPU_10P,J1.A60
PCIE_BF_CPU_10N,J1.A61
GND,J1.A62
GND,J1.A63
PCIE_BF_CPU_11P,J1.A64
PCIE_BF_CPU_11N,J1.A65
GND,J1.A66
GND,J1.A67
PCIE_BF_CPU_12P,J1.A68
PCIE_BF_CPU_12N,J1.A69
JTAG_LOOP,J1.A7
GND,J1.A70
GND,J1.A71
PCIE_BF_CPU_13P,J1.A72
PCIE_BF_CPU_13N,J1.A73
GND,J1.A74
GND,J1.A75
PCIE_BF_CPU_14P,J1.A76
PCIE_BF_CPU_14N,J1.A77
GND,J1.A78
GND,J1.A79
(Net0),J1.A8
PCIE_BF_CPU_15P,J1.A80
PCIE_BF_CPU_15N,J1.A81
GND,J1.A82
(Net0),J1.A9
12V_PCIE_IN,J1.B1
3.3V_AUX_F,J1.B10
S_WAKE_CONN_L,J1.B11
SE_SER_DI_CONN,J1.B12
GND,J1.B13
PCIE_CPU_BF_00P,J1.B14
PCIE_CPU_BF_00N,J1.B15
GND,J1.B16
L_TERM_B17,J1.B17
GND,J1.B18
PCIE_CPU_BF_01P,J1.B19
12V_PCIE_IN,J1.B2
PCIE_CPU_BF_01N,J1.B20
GND,J1.B21
GND,J1.B22
PCIE_CPU_BF_02P,J1.B23
PCIE_CPU_BF_02N,J1.B24
GND,J1.B25
GND,J1.B26
PCIE_CPU_BF_03P,J1.B27
PCIE_CPU_BF_03N,J1.B28
GND,J1.B29
12V_PCIE_IN,J1.B3
L_TERM_B30,J1.B30
L_TERM_B31,J1.B31
GND,J1.B32
PCIE_CPU_BF_04P,J1.B33
PCIE_CPU_BF_04N,J1.B34
GND,J1.B35
GND,J1.B36
PCIE_CPU_BF_05P,J1.B37
PCIE_CPU_BF_05N,J1.B38
GND,J1.B39
GND,J1.B4
GND,J1.B40
PCIE_CPU_BF_06P,J1.B41
PCIE_CPU_BF_06N,J1.B42
GND,J1.B43
GND,J1.B44
PCIE_CPU_BF_07P,J1.B45
PCIE_CPU_BF_07N,J1.B46
GND,J1.B47
L_TERM_B48,J1.B48
GND,J1.B49
I2C_SMCLK_H0,J1.B5
PCIE_CPU_BF_08P,J1.B50
PCIE_CPU_BF_08N,J1.B51
GND,J1.B52
GND,J1.B53
PCIE_CPU_BF_09P,J1.B54
PCIE_CPU_BF_09N,J1.B55
GND,J1.B56
GND,J1.B57
PCIE_CPU_BF_10P,J1.B58
PCIE_CPU_BF_10N,J1.B59
I2C_SMDAT_H0,J1.B6
GND,J1.B60
GND,J1.B61
PCIE_CPU_BF_11P,J1.B62
PCIE_CPU_BF_11N,J1.B63
GND,J1.B64
GND,J1.B65
PCIE_CPU_BF_12P,J1.B66
PCIE_CPU_BF_12N,J1.B67
GND,J1.B68
GND,J1.B69
GND,J1.B7
PCIE_CPU_BF_13P,J1.B70
PCIE_CPU_BF_13N,J1.B71
GND,J1.B72
GND,J1.B73
PCIE_CPU_BF_14P,J1.B74
PCIE_CPU_BF_14N,J1.B75
GND,J1.B76
GND,J1.B77
PCIE_CPU_BF_15P,J1.B78
PCIE_CPU_BF_15N,J1.B79
(Net0),J1.B8
GND,J1.B80
S_PRSNT_L,J1.B81
L_TERM_B82,J1.B82
(Net0),J1.B9
NC_CAGE1,J3.1
NC_CAGE10,J3.10
NC_CAGE2,J3.2
GND_CHASSIS,J3.3
GND_CHASSIS,J3.4
GND_CHASSIS,J3.5
GND_CHASSIS,J3.6
GND,J36.1
12V,J36.2
S_FAN_TACH,J36.3
S_FAN_PWM,J36.4
GND,J36.G1
GND,J36.G2
GND_CHASSIS,J3.7
GND_CHASSIS,J3.8
NC_CAGE9,J3.9
GND,J4.1
3.3V_VCC_RX_P0,J4.10
I2C_SCL1,J4.11
I2C_SDA1,J4.12
GND,J4.13
HS_QSFP0_BF_02P,J4.14
HS_QSFP0_BF_02N,J4.15
GND,J4.16
HS_QSFP0_BF_00P,J4.17
HS_QSFP0_BF_00N,J4.18
GND,J4.19
HS_BF_QSFP0_01N,J4.2
GND,J4.20
HS_QSFP0_BF_01N,J4.21
HS_QSFP0_BF_01P,J4.22
GND,J4.23
HS_QSFP0_BF_03N,J4.24
HS_QSFP0_BF_03P,J4.25
GND,J4.26
S_MODPRS_P0_L,J4.27
S_INT_P0_L,J4.28
3.3V_VCC_TX_P0,J4.29
HS_BF_QSFP0_01P,J4.3
3.3V_VCC1_P0,J4.30
S_LPMODE_P0_R,J4.31
GND,J4.32
HS_BF_QSFP0_02P,J4.33
HS_BF_QSFP0_02N,J4.34
GND,J4.35
HS_BF_QSFP0_00P,J4.36
HS_BF_QSFP0_00N,J4.37
GND,J4.38
GND,J4.4
HS_BF_QSFP0_03N,J4.5
HS_BF_QSFP0_03P,J4.6
NC_USB_VBUS,J46.1
USB_CON1_DM_N,J46.2
USB_CON1_DM_P,J46.3
NC_USB_ID,J46.4
GND,J46.5
GND,J46.6
GND,J46.7
GND,J4.7
GND,J4.8
SE_NCSI_CLK_CONN,J48.1
GND,J48.10
SE_NCSI_CRS_DV,J48.11
GND,J48.12
SE_NCSI_TX_D0_CONN,J48.13
GND,J48.14
SE_NCSI_TX_D1_CONN,J48.15
GND,J48.16
SE_NCSI_TX_EN_CONN,J48.17
GND,J48.18
S_RST_CONN,J48.19
GND,J48.2
S_SOFT_RST_CONN,J48.20
I2C_FLAT_SDA,J48.21
S_NSRST_ARM_CONN_L,J48.22
I2C_FLAT_SCL,J48.23
S_PACK_ID2_CONN,J48.24
GND,J48.25
S_RSVD_30P_CONN,J48.26
3.3V_NCSI,J48.27
SE_FLAT_UART_TX,J48.28
3.3V_NCSI,J48.29
SE_NCSI_ARB_IN_CONN,J48.3
SE_FLAT_UART_RX,J48.30
S_PACK_ID0_CONN,J48.4
SE_NCSI_ARB_OUT_CONN,J48.5
S_PACK_ID1_CONN,J48.6
SE_NCSI_RX_D0,J48.7
GND,J48.8
SE_NCSI_RX_D1,J48.9
S_RESET_P0_R_L,J4.9
3V_VBAT,J50.1
GND,J50.2
S_RJ45_TRCT3,J5.1
ETH_1GB_AN,J5.10
GND,J51.1
ETH_1GB_AP,J5.11
S_RJ45_TRCT1,J5.12
(Net0),J5.13
L_PHY_LED0_YELLOW,J5.14
3.3V,J5.15
L_PHY_LED3_YELLOW,J5.16
3.3V,J5.17
L_PHY_LED1_GREEN,J5.18
ETH_1GB_CN,J5.2
GND,J52.1
ETH_1GB_CP,J5.3
GND,J53.1
ETH_1GB_BP,J5.4
GND,J54.1
ETH_1GB_BN,J5.5
NC_4PINS_VBUS,J55.1
USB_CON2_DM_N,J55.2
USB_CON2_DM_P,J55.3
GND,J55.4
S_RJ45_TRCT2,J5.6
S_RJ45_TRCT4,J5.7
ETH_1GB_DP,J5.8
ETH_1GB_DN,J5.9
GND_CHASSIS,J5.GND1
GND_CHASSIS,J5.GND2
1.2V_DDR,JH10.1
3.3V_SH,JH1.1
12V,JH11.1
3.3V_AUX,JH12.1
1.2V,JH13.1
3.3V,JH14.1
VCORE,JH4.1
2.5V,JH6.1
0.6V_VTT,JH7.1
0.6V_VREFCA,JH8.1
L_YELLOW_LED1_P0,JP1.1
GND,JP1.2
GND,JP2.1
I2C_SCL0,JP2.2
I2C_SDA0,JP2.3
3.3V_RCLK_LVDS,L10.1
3.3V_RCLK_LVDS_OCS,L10.2
AG_1.8V_PH,L1.1
1.2V_AVDDL,L11.1
1.2V_DVDDL,L11.2
1.8V,L1.2
1.2V_AVDDL,L12.1
1.2V_AVDDL_PLL,L12.2
VDDCPA1,L13.1
VCORE,L13.2
1.8V_VAA_DDR_PLL,L14.1
1.8V,L14.2
VDDCPA2,L15.1
VCORE,L15.2
1.8V_VDD18,L16.1
1.8V,L16.2
3.3V_QSFP0,L17.1
3.3V_VCC1_P0,L17.2
3.3V_VCC_RX_P0,L18.1
3.3V_QSFP0,L18.2
1.8V_VDDPLLPL,L19.1
1.8V,L19.2
3.3V_GEN_R_CLK,L20.1
3.3V_GEN_CLK,L20.2
AG_SW_VCORE_P1,L2.1
3.3V_QSFP0,L21.1
3.3V_VCC_TX_P0,L21.2
VCORE,L2.2
VDDCPA,L3.1
VCORE,L3.2
AG_1.2V_DDR_PH,L4.1
1.2V_DDR,L4.2
AG_SW_VCORE_P2,L5.1
VCORE,L5.2
USB_CON_T_DM_N,L6.1
USB_CHOKE_DM_N,L6.2
USB_CHOKE_DM_P,L6.3
USB_CON_T_DM_P,L6.4
1.8V_VDDPLLPX,L7.1
1.8V,L7.2
3.3V_CCLK_LVDS,L8.1
3.3V_CCLK_LVDS_OCS,L8.2
3.3V,L9.1
3.3V_USB_OSC,L9.2
NC_TEN_FET,Q1.1
L_TEN,Q1.2
L_TEN_D,Q1.3
AG_PWM,Q2.1
GND,Q2.2
S_FAN_PWM,Q2.3
1.2V_AVDDL,Q3.1
1.2V_AVDDL,Q3.2
S_LDO_GATE,Q3.3
3.3V,Q3.4
1.2V_AVDDL,Q3.5
1.2V_AVDDL,Q3.6
I2C_ARM_SDA1_STAB,R100.1
I2C_SDA_IS,R100.2
DDR4_ALERT_N_R,R10.1
I2C_SDA4,R101.1
I2C_VRD_SDA,R101.2
DDR4_ALERT_N,R10.2
I2C_ARM_SCL1_STAB,R102.1
I2C_VRD_SCL,R102.2
I2C_SCL4,R103.1
I2C_SCL_TEMP,R103.2
SE_CLK_GEN_XO_R,R104.1
SE_CLK_GEN_XO,R104.2
SE_CLK_GEN_XO,R105.1
SE_CLK_GEN_XI,R105.2
3.3V_CCLK_LVDS_OCS,R106.1
S_CCLK_LVDS_OE,R106.2
3.3V,R107.1
I2C_SMCLK_H0,R107.2
I2C_SCL2,R108.1
I2C_SCL_IS,R108.2
I2C_ARM_SCL1_STAB,R109.1
I2C_SCL_IS,R109.2
3.3V,R1.1
3.3V,R110.1
I2C_SCL_IS,R110.2
3.3V,R11.1
SE_USB_OSC_R,R111.1
SE_USB_OSC,R111.2
SE_EMMC0_D7,R11.2
L_USBPHY_PSW,R112.1
GND,R112.2
3.3V,R113.1
I2C_SCL4,R113.2
S_RBIAS_USB,R114.1
GND,R114.2
SE_CLK_GEN_HUB_XO,R115.1
SE_CLK_GEN_HUB_XI,R115.2
SE_CLK_GEN_HUB_XO_R,R116.1
SE_CLK_GEN_HUB_XO,R116.2
3.3V,R117.1
S_OE_DIFF0_L,R117.2
3.3V,R118.1
S_SS_SEL,R118.2
3.3V,R119.1
I2C_SMDAT_H0,R119.2
SE_EMMC0_D3,R1.2
3.3V,R120.1
I2C_SDA_IS,R120.2
1.2V_DDR,R12.1
I2C_SDA2,R121.1
I2C_SDA_IS,R121.2
DDR4_ALERT_N,R12.2
3.3V_USB_OSC,R122.1
S_USB_OSC_EN,R122.2
SE_USBPHY_DIR,R123.1
SE_USBPHY_DIR_R,R123.2
3.3V,R124.1
S_STRAP_NON_REM0,R124.2
3.3V,R125.1
S_OE_DIFF3_L,R125.2
L_TERM_B31_C,R126.1
GND,R126.2
3.3V,R127.1
3.3V_CCLK_LVDS,R127.2
L_TERM_B81_C,R128.1
GND,R128.2
L_TERM_B82_C,R129.1
GND,R129.2
SE_USBPHY_CLK,R130.1
SE_USBPHY_CLK_R,R130.2
3.3V,R13.1
3.3V,R131.1
L_USBPHY_CFG1,R131.2
SE_SPI_CS0_L,R13.2
SE_USBPHY_NXT,R132.1
SE_USBPHY_NXT_R,R132.2
S_STRAP_CFG_SEL,R133.1
GND,R133.2
SE_SER_DO,R134.1
GND,R134.2
GND,R135.1
L_TERM_A19_C,R135.2
3.3V,R136.1
S_OE_DIFF1_L,R136.2
PCIE_REFCLK0_N,R137.1
S_CLK_GEN_DIFF1_N,R137.2
PCIE_REFCLK0_P,R138.1
S_CLK_GEN_DIFF1_P,R138.2
3.3V,R139.1
S_OE_DIFF2_L,R139.2
S_STRAP_NON_REM1,R140.1
GND,R140.2
3.3V,R14.1
3.3V_SH,R141.1
3.3V_AUX,R141.2
S_GMII_RST,R14.2
3.3V_SH,R142.1
3.3V,R142.2
L_TERM_B17_C,R143.1
GND,R143.2
SE_SER_DO,R144.1
SE_SER_DO_CONN,R144.2
L_TERM_B48_C,R145.1
GND,R145.2
GND,R146.1
L_TERM_A50_C,R146.2
SE_UART0_BUFF_RXD,R147.1
SE_FLAT_UART_RX,R147.2
SE_UART0_BUFF_TXD,R148.1
SE_FLAT_UART_TX,R148.2
S_NSRST_ARM_L,R149.1
S_NSRST_ARM_CONN_L,R149.2
S_SOFT_RST,R150.1
S_SOFT_RST_CONN,R150.2
L_BUFF_OE_L,R15.1
DDR4_A6,R151.1
0.6V_VTT,R151.2
GND,R15.2
DDR4_A2,R152.1
0.6V_VTT,R152.2
DDR4_A8,R153.1
0.6V_VTT,R153.2
DDR4_PAR,R154.1
0.6V_VTT,R154.2
DDR4_A11,R155.1
0.6V_VTT,R155.2
DDR4_A13,R156.1
0.6V_VTT,R156.2
DDR4_A17,R157.1
0.6V_VTT,R157.2
DDR4_A9,R158.1
0.6V_VTT,R158.2
DDR4_A7,R159.1
0.6V_VTT,R159.2
DDR4_A1,R160.1
0.6V_VTT,R160.2
3.3V,R16.1
DDR4_MEMRESET_L,R161.1
GND,R161.2
I2C_SCL0,R16.2
SE_GMII_TX_EN_R,R162.1
SE_GMII_TX_EN,R162.2
SE_GMII_TX_D0_R,R163.1
SE_GMII_TX_D0,R163.2
SE_NCSI_ARB_OUT_CONN,R164.1
SE_NCSI_ARB_OUT,R164.2
SE_NCSI_TX_D1_CONN,R165.1
SE_NCSI_TX_D1,R165.2
SE_NCSI_TX_EN_CONN,R166.1
SE_NCSI_TX_EN,R166.2
3.3V_NCSI,R167.1
3.3V,R167.2
3.3V,R168.1
S_SOFT_RST,R168.2
GND_CHASSIS,R169.1
GND,R169.2
DDR4_A0,R170.1
0.6V_VTT,R170.2
3.3V,R17.1
DDR4_BA0,R171.1
0.6V_VTT,R171.2
I2C_SDA0,R17.2
DDR4_A5,R172.1
0.6V_VTT,R172.2
DDR4_A3,R173.1
0.6V_VTT,R173.2
DDR4_BA1,R174.1
0.6V_VTT,R174.2
JTAG_TRST_L,R175.1
GND,R175.2
SE_NCSI_ARB_OUT,R176.1
SE_NCSI_ARB_OUT_R,R176.2
3.3V,R177.1
I2C_ARM_SCL1,R177.2
MDC2_ARM,R178.1
I2C_FLAT_SCL,R178.2
I2C_ARM_SCL1,R179.1
I2C_FLAT_SCL,R179.2
I2C_ARM_SDA1,R180.1
I2C_FLAT_SDA,R180.2
SE_UART0_TXD,R18.1
DDR4_A10,R181.1
0.6V_VTT,R181.2
GND,R18.2
DDR4_A4,R182.1
0.6V_VTT,R182.2
DDR4_BG0,R183.1
0.6V_VTT,R183.2
DDR4_A12,R184.1
0.6V_VTT,R184.2
DDR4_A15,R185.1
0.6V_VTT,R185.2
SE_GMII_GCLK_R,R186.1
SE_GMII_GCLK,R186.2
SE_NCSI_ARB_IN_CONN,R187.1
SE_NCSI_ARB_IN,R187.2
SE_NCSI_TX_D0_CONN,R188.1
SE_NCSI_TX_D0,R188.2
3.3V,R189.1
3.3V_RCLK_LVDS,R189.2
3.3V,R190.1
L_YELLOW_LED1_P0,R190.2
3.3V,R19.1
I2C_SDA0,R191.1
I2C_VRD_SDA,R191.2
SE_UART0_TXD,R19.2
I2C_SCL0,R192.1
I2C_VRD_SCL,R192.2
SE_NCSI_CLK_CONN,R193.1
SE_NCSI_CLK,R193.2
S_ARM_NSRST_R_L,R194.1
S_NSRST_ARM_L,R194.2
S_ARM_OOB_RST,R195.1
S_GMII_RST,R195.2
S_NSRST_ARM_L,R196.1
S_GMII_RST,R196.2
DDR4_CKE0,R197.1
0.6V_VTT,R197.2
DDR4_ACT_N,R198.1
0.6V_VTT,R198.2
DDR4_A14,R199.1
0.6V_VTT,R199.2
DDR4_BG1,R200.1
0.6V_VTT,R200.2
3.3V,R20.1
DDR4_CS0_N,R201.1
0.6V_VTT,R201.2
JTAG_TCK,R20.2
3.3V_RCLK_LVDS_OCS,R202.1
S_RCLK_LVDS_OE,R202.2
S_STRAP_OSC_FREQ1,R203.1
GND,R203.2
3.3V,R204.1
S_STRAP_SD_MH,R204.2
I2C_SCL4,R205.1
I2C_VRD_SCL,R205.2
S_STRAP_OSC_FREQ0,R206.1
GND,R206.2
L_FUNCMODE,R207.1
3.3V,R207.2
3.3V,R208.1
S_STRAP_OSC_FREQ0,R208.2
S_RSVD_30P_CONN,R209.1
GND,R209.2
3.3V,R2.1
3.3V,R210.1
S_RSVD_30P_CONN,R210.2
SE_CLK_GEN_GMII_XO_R,R21.1
MDIO2_ARM,R211.1
I2C_FLAT_SDA,R211.2
SE_CLK_GEN_GMII_XO,R21.2
1.2V,R212.1
1.2V_AVDDL,R212.2
DDR4_CKE1,R213.1
0.6V_VTT,R213.2
DDR4_ODT0,R214.1
0.6V_VTT,R214.2
DDR4_ODT1,R215.1
0.6V_VTT,R215.2
DDR4_CK1_N,R216.1
DDR4_CK1_TERM,R216.2
DDR4_CK1_P,R217.1
DDR4_CK1_TERM,R217.2
DDR4_CK0_P,R218.1
DDR4_CK0_TERM,R218.2
DDR4_CK0_N,R219.1
DDR4_CK0_TERM,R219.2
SE_EMMC0_D0,R2.2
DDR4_A16,R220.1
0.6V_VTT,R220.2
S_SOC_HARD_RST_L,R22.1
DDR4_CS1_N,R221.1
0.6V_VTT,R221.2
S_GMII_RST,R22.2
S_CCLK_SELECT,R222.1
GND,R222.2
3.3V,R223.1
S_REG_1.8V_EN,R223.2
3.3V,R224.1
S_STRAP_OSC_FREQ1,R224.2
S_STRAP_SD_MH,R225.1
GND,R225.2
1.8V,R226.1
S_1.8V_FB_R,R226.2
S_SOC_HARD_RST_L,R227.1
S_RST_CONN,R227.2
3.3V,R228.1
SE_GMII_RX_CLK_R,R228.2
SE_GMII_RX_DV_R,R229.1
SE_GMII_RX_DV,R229.2
SE_GMII_RX_ER_R,R230.1
SE_GMII_RX_ER,R230.2
NC_GMII_REF_CLK,R23.1
SE_GMII_RX_CLK_R,R231.1
SE_GMII_RX_CLK,R231.2
GND,R23.2
3.3V,R232.1
MDC2_ARM,R232.2
3.3V,R233.1
S_PHY_INT_L,R233.2
S_REF_ISET,R234.1
GND,R234.2
L_TEN,R235.1
GND,R235.2
L_ZQ_2_L,R236.1
GND,R236.2
L_ZQ_4_L,R237.1
GND,R237.2
L_ZQ_6_L,R238.1
GND,R238.2
L_ZQ_8_L,R239.1
GND,R239.2
3.3V,R240.1
I2C_ARM_SDA1,R240.2
3.3V,R24.1
3.3V,R241.1
S_ARM_NSRST_R_L,R241.2
NC_GMII_REF_CLK,R24.2
3.3V,R242.1
S_CCLK_SELECT,R242.2
S_1.8V_FB_RC,R243.1
S_1.8V_FB,R243.2
S_1.8V_FB,R244.1
GND,R244.2
3.3V,R245.1
SE_GMII_RX_DV_R,R245.2
3.3V,R246.1
SE_GMII_RX_D0_R,R246.2
3.3V,R247.1
SE_GMII_RX_D1_R,R247.2
SE_GMII_RX_D0_R,R248.1
SE_GMII_RX_D0,R248.2
SE_GMII_RX_D1_R,R249.1
SE_GMII_RX_D1,R249.2
SE_GMII_RX_D2_R,R250.1
SE_GMII_RX_D2,R250.2
S_PHY_INT_R_L,R25.1
VTT_REFIN,R251.1
1.2V_DDR,R251.2
S_PHY_INT_L,R25.2
GND,R252.1
VTT_REFIN,R252.2
3.3V,R253.1
S_2.5V_EN,R253.2
NC_TEN_FET,R254.1
GND,R254.2
VDD_SENSE,R255.1
VCORE,R255.2
S_VCORE_SENSE_P,R256.1
VDD_SENSE,R256.2
VSS_SENSE,R257.1
S_VCORE_SENSE_N,R257.2
GND,R258.1
VSS_SENSE,R258.2
L_GREEN_LED1_P0,R259.1
GND,R259.2
3.3V,R260.1
I2C_SCL2,R260.2
3.3V,R26.1
GND_ANALOG_1.8V,R261.1
S_1.8V_MODE,R261.2
MDIO2_ARM,R26.2
3.3V,R262.1
SE_GMII_RX_D2_R,R262.2
3.3V,R263.1
SE_GMII_RX_D3_R,R263.2
SE_GMII_RX_D3_R,R264.1
SE_GMII_RX_D3,R264.2
L_PHY_LED3_YELLOW,R265.1
L_PHY_RJ45_LED1,R265.2
L_PHY_LED1_GREEN,R266.1
L_PHY_RJ45_LED2,R266.2
S_PGOOD_VCORE,R267.1
S_2.5V_EN,R267.2
1.2V_DDR,R268.1
GND,R268.2
GND,R269.1
S_LSET_VCORE_P1,R269.2
S_VCC_VCORE_P1,R270.1
S_VCORE_P1_EN,R270.2
MDIO2_ARM,R27.1
3.3V,R271.1
S_STRAP_CONFIG_ROM1,R271.2
I2C_SDA_MDIO_STAB,R27.2
S_STRAP_PCI_PART1,R272.1
GND,R272.2
AG_1.8V_PH,R273.1
AG_1.8V_PH_R,R273.2
GND,R274.1
1.8V,R274.2
GND,R275.1
1.8V,R275.2
L_PHY_LED0_YELLOW,R276.1
L_PHY_RJ45_LED1,R276.2
3.3V,R277.1
S_0.6V_VTT_EN,R277.2
S_2.5V_FB,R278.1
GND,R278.2
1.2V_DDR,R279.1
S_1.2V_DDR_FB_R,R279.2
S_PGOOD_1.8V,R280.1
S_1.2V_DDR_EN,R280.2
S_STRAP_PCORE0_REVERSAL,R28.1
3.3V,R281.1
S_1.2V_DDR_EN,R281.2
GND,R28.2
S_PGOOD_2.5V,R282.1
S_1.2V_DDR_EN,R282.2
S_STRAP_CONFIG_ROM1,R283.1
GND,R283.2
3.3V_QSFP0,R284.1
GND,R284.2
3.3V,R285.1
NC_JTAG_CSIGHT_TDO,R285.2
3.3V,R286.1
NC_JTAG_CSIGHT_TDI,R286.2
3.3V,R287.1
S_LDO_GATE,R287.2
2.5V,R288.1
S_2.5V_FB,R288.2
S_1.2V_DDR_FB,R289.1
GND,R289.2
S_3.3V_FB_P0,R290.1
GND,R290.2
SE_CCLK,R29.1
3.3V_QSFP0,R291.1
S_3.3V_FB_P0,R291.2
GND,R29.2
3.3V,R292.1
S_STRAP_PCI_PART0,R292.2
S_STRAP_PCI_PART0,R293.1
GND,R293.2
3.3V,R294.1
NC_JTAG_CSIGHT_TMS,R294.2
3.3V,R295.1
NC_JTAG_CSIGHT_TRST_L,R295.2
3.3V,R296.1
NC_JTAG_CSIGHT_TCK,R296.2
L_UVPS_A0,R297.1
GND,R297.2
L_UVPS_A1,R298.1
GND,R298.2
3V_DIF_RTC,R299.1
3V_RTC_VBAT,R299.2
12V,R300.1
S_3.3V_EN,R300.2
SE_GMII_TX_ER_R,R30.1
AG_1.2V_DDR_PH,R301.1
AG_1.2V_DDR_PH_R,R301.2
SE_GMII_TX_ER,R30.2
3.3V,R302.1
S_PORT0_PGOOD,R302.2
S_PWR_EN_PORT0,R303.1
GND,R303.2
L_UVPS_A2,R304.1
GND,R304.2
3.3V,R305.1
I2C_ARM_SCL0,R305.2
S_1.2V_DDR_MODE,R306.1
AGND_1.2V_DDR,R306.2
AG_1.2V_DDR_BST,R307.1
AG_1.2V_DDR_BST_R,R307.2
1.2V,R308.1
GND,R308.2
S_VDDQPS0,R309.1
GND,R309.2
3.3V,R3.1
S_VDDQPS1,R310.1
GND,R310.2
SE_GMII_TX_D7_R,R31.1
1.8V,R311.1
S_VDDQPS0,R311.2
SE_GMII_TX_D7,R31.2
1.8V,R312.1
S_VDDQPS1,R312.2
GND_CHASSIS,R313.1
GND,R313.2
3.3V,R314.1
S_3.3V_FB,R314.2
GND,R315.1
S_LSET_VCORE_P2,R315.2
S_VCC_VCORE_P2,R316.1
S_VCORE_P2_EN,R316.2
3V_VBAT,R317.1
3V_RTC_VBAT,R317.2
S_UART_HUB_RST_L,R318.1
S_UART_RST_L,R318.2
S_3.3V_FB,R319.1
GND,R319.2
SE_EMMC0_D1,R3.2
USB_CON1_DM_N,R320.1
USB_CHOKE_DM_N,R320.2
SE_GMII_TX_D2_R,R32.1
USB_CON2_DM_N,R321.1
USB_CHOKE_DM_N,R321.2
SE_GMII_TX_D2,R32.2
USB_CON1_DM_P,R322.1
USB_CHOKE_DM_P,R322.2
USB_CON2_DM_P,R323.1
USB_CHOKE_DM_P,R323.2
S_UART_HUB_RST_L,R324.1
S_HUB_RST_L,R324.2
ADDR_PMBUS_SVID_CONT,R325.1
GND,R325.2
ADDR_PMBUS_SVID_CONT,R326.1
S_VREF_CONT,R326.2
3.3V,R327.1
S_5V_EN,R327.2
S_RESET_P0_R_L,R328.1
S_RESET_P0_L,R328.2
3.3V,R329.1
I2C_ARM_SDA0,R329.2
I2C_SDA_TEMP,R330.1
AD_TEMP_SENS_GW4,R330.2
SE_GMII_TX_D1_R,R33.1
3.3V,R331.1
3.3V_VDD_RTC,R331.2
SE_GMII_TX_D1,R33.2
3.3V,R332.1
S_STRAP_NON_REM1,R332.2
3.3V,R333.1
SE_SER_DO,R333.2
SE_SER_DO,R334.1
S_PACK_ID2_CONN,R334.2
SE_SER_DI,R335.1
S_PACK_ID0_CONN,R335.2
S_LPMODE_P0_R,R336.1
S_LPMODE_P0,R336.2
3.3V_QSFP0,R337.1
S_INT_P0_L,R337.2
3.3V_QSFP0,R338.1
S_RESET_P0_R_L,R338.2
AD_TEMP_SENS_GW4,R339.1
GND,R339.2
3.3V,R340.1
I2C_SDA4,R340.2
SE_GMII_TX_D5_R,R34.1
3.3V,R341.1
AD_TEMP_SENS_GW4,R341.2
SE_GMII_TX_D5,R34.2
I2C_SCL_TEMP,R342.1
AD_TEMP_SENS_GW4,R342.2
I2C_ARM_SCL1_STAB,R343.1
I2C_SCL_TEMP,R343.2
3.3V_VDD_RTC,R344.1
3.3V_SH,R344.2
I2C_ARM_SDA1_STAB,R345.1
I2C_VRD_SDA,R345.2
3.3V,R346.1
3.3V_VIN_CONT,R346.2
S_5V_FB,R347.1
GND,R347.2
5V,R348.1
S_5V_FB,R348.2
N_FRY_A2,R349.1
GND,R349.2
3.3V_SH,R350.1
N_FRY_A2,R350.2
SE_GMII_TX_D4_R,R35.1
3.3V_QSFP0,R351.1
I2C_SCL1,R351.2
SE_GMII_TX_D4,R35.2
I2C_SDA4,R352.1
I2C_SDA_TEMP,R352.2
I2C_ARM_SDA1_STAB,R353.1
I2C_SDA_TEMP,R353.2
S_STRAP_NON_REM0,R354.1
GND,R354.2
USB_BYP_DM_N,R355.1
USB_CON_T_DM_N,R355.2
USB_BYP_DM_P,R356.1
USB_CON_T_DM_P,R356.2
3.3V_PWR_USBPHY,R357.1
L_USBPHY_ID,R357.2
L_USBPHY_FAULT,R358.1
3.3V,R358.2
L_USBPHY_FAULT,R359.1
GND,R359.2
N_FRU_A0,R360.1
GND,R360.2
SE_GMII_TX_D6_R,R36.1
N_FRU_A1,R361.1
GND,R361.2
SE_GMII_TX_D6,R36.2
3.3V_SH,R362.1
N_FRU_A1,R362.2
3.3V_SH,R363.1
N_FRU_A0,R363.2
S_SS_SEL,R364.1
GND,R364.2
3.3V,R365.1
3.3V_GEN_R_CLK,R365.2
3.3V,R366.1
SE_SER_DI,R366.2
SE_SER_DI,R367.1
GND,R367.2
3.3V_QSFP0,R368.1
I2C_SDA1,R368.2
3.3V,R369.1
L_HUB_VBUS_DECT,R369.2
USB_BYP_DM_N,R370.1
USB_BF_N,R370.2
SE_GMII_TX_D3_R,R37.1
USB_BYP_DM_P,R371.1
USB_BF_P,R371.2
SE_GMII_TX_D3,R37.2
L_USBPHY_RREF,R372.1
GND,R372.2
3.3V,R373.1
S_USBPHY_RESET_L,R373.2
12V,R374.1
S_VINSEN_VCORE,R374.2
S_VINSEN_VCORE,R375.1
GND,R375.2
3.3V,R376.1
I2C_SDA2,R376.2
S_SOC_HARD_RST_L,R377.1
GND,R377.2
3.3V,R378.1
S_PGOOD_VCORE_BU,R378.2
S_PGOOD_VCORE,R379.1
S_PGOOD_VCORE_BU,R379.2
3.3V,R380.1
S_PGOOD_ADLY,R380.2
SE_EMMC0_CLK_R,R38.1
12V,R381.1
S_FAN_PWM,R381.2
SE_EMMC0_CLK,R38.2
S_FAN_TACH,R382.1
AG_TACH,R382.2
3.3V,R383.1
AG_TACH,R383.2
3.3V,R384.1
S_FAN_PWM,R384.2
SE_SER_CLK,R385.1
S_PACK_ID1_CONN,R385.2
3.3V,R386.1
SE_SER_CLK,R386.2
3.3V,R387.1
S_ADDR_CLK_REF,R387.2
3.3V,R388.1
S_HUB_RST_L,R388.2
GND,R389.1
L_USBPHY_CS_L,R389.2
S_CX_RST_L_R,R390.1
S_SOC_HARD_RST_L,R390.2
3.3V,R39.1
S_PGOOD_SW_1.2V,R391.1
S_PGOOD_ADLY,R391.2
SE_EMMC0_CMD,R39.2
S_PGOOD_0.6V_VREF,R392.1
S_PGOOD_ADLY,R392.2
S_FAN_PWM,R393.1
AG_PWM,R393.2
GND,R394.1
L_TERM_A33_C,R394.2
GND,R395.1
L_TERM_A32_C,R395.2
SE_SER_CLK,R396.1
GND,R396.2
L_TERM_B30_C,R397.1
GND,R397.2
S_GEN_PD,R398.1
GND,R398.2
S_PERST_L,R399.1
GND,R399.2
3.3V,R400.1
S_STRAP_CFG_SEL,R400.2
SE_CLK_GEN_GMII_XI,R40.1
L_USBPHY_CFG1,R401.1
GND,R401.2
SE_CLK_GEN_GMII_XO,R40.2
3.3V_GEN_CLK,R402.1
3.3V_VDDA,R402.2
SE_SER_DI_CONN,R403.1
SE_SER_DI,R403.2
3.3V,R404.1
GND,R404.2
3.3V_AUX,R405.1
GND,R405.2
S_PERST_L,R406.1
S_PERST_CONN_L,R406.2
SE_SER_CAPTURE,R407.1
SE_SER_CAPTURE_CONN,R407.2
SE_SER_CLK,R408.1
SE_SER_CLK_CONN,R408.2
L_TERM_B12_C,R409.1
GND,R409.2
3.3V,R4.1
S_WAKE_CONN_L,R410.1
S_WAKE_L,R410.2
MDC2_ARM,R41.1
I2C_SDA_MDIO_STAB,R411.1
I2C_SDA_IS,R411.2
I2C_SCL_MDC_STAB,R41.2
I2C_SCL_MDC_STAB,R412.1
I2C_SCL_IS,R412.2
I2C_ARM_SCL1_STAB,R413.1
I2C_ARM_SCL1,R413.2
I2C_ARM_SDA1_STAB,R414.1
I2C_ARM_SDA1,R414.2
SE_EMMC0_D2,R4.2
SE_GMII_RX_CLK_R,R42.1
GND,R42.2
SE_GMII_RX_DV_R,R43.1
GND,R43.2
3.3V,R44.1
S_STRAP_PCORE0_REVERSAL,R44.2
GND,R45.1
S_NC_RCLK,R45.2
SE_GMII_RX_D2_R,R46.1
GND,R46.2
SE_GMII_RX_D0_R,R47.1
GND,R47.2
SE_GMII_RX_D1_R,R48.1
GND,R48.2
S_1.8V_FB_R,R49.1
S_1.8V_FB,R49.2
S_PGOOD_VCORE,R50.1
S_REG_1.8V_EN,R50.2
3.3V,R5.1
L_ZQ_7_L,R51.1
GND,R51.2
SE_EMMC0_D5,R5.2
L_ZQ_5_L,R52.1
GND,R52.2
L_ZQ_ECC_L,R53.1
GND,R53.2
L_ZQ_3_L,R54.1
GND,R54.2
L_ZQ_1_L,R55.1
GND,R55.2
SE_GMII_RX_D3_R,R56.1
GND,R56.2
SE_GMII_RX_D4_R,R57.1
SE_GMII_RX_D4,R57.2
SE_GMII_RX_D5_R,R58.1
SE_GMII_RX_D5,R58.2
S_1.8V_ILIM,R59.1
GND_ANALOG_1.8V,R59.2
SE_NCSI_CRS_DV,R60.1
SE_NCSI_CRS_DV_R,R60.2
3.3V,R6.1
SE_NCSI_RX_D1,R61.1
SE_NCSI_RX_D1_R,R61.2
SE_EMMC0_D4,R6.2
SE_NCSI_RX_D0,R62.1
SE_NCSI_RX_D0_R,R62.2
5V,R63.1
S_VCC_VCORE_P1,R63.2
SE_GMII_RX_D6_R,R64.1
SE_GMII_RX_D6,R64.2
SE_GMII_RX_D7_R,R65.1
SE_GMII_RX_D7,R65.2
AG_1.8V_BST,R66.1
AG_1.8V_BST_R,R66.2
3.3V,R67.1
S_STRAP_PCI_PART1,R67.2
AG_VCORE_RC_SNB_P1,R68.1
GND,R68.2
1.2V_DDR,R69.1
L_TEN_D,R69.2
L_PHY_RJ45_LED2,R70.1
GND,R70.2
3.3V,R7.1
3.3V,R71.1
L_PHY_RJ45_LED2,R71.2
SE_EMMC0_D6,R7.2
3.3V,R72.1
L_PHY_RJ45_LED1,R72.2
L_PHY_RJ45_LED1,R73.1
GND,R73.2
S_PGOOD_1.2V_DDR,R74.1
S_0.6V_VTT_EN,R74.2
3.3V,R75.1
S_PGOOD_1.2V_DDR,R75.2
3.3V,R76.1
L_GREEN_LED1_P0,R76.2
L_GREEN_LED1_P0,R77.1
L_GREEN_LED1_R_P0,R77.2
L_YELLOW_LED1_P0,R78.1
L_YELLOW_LED1_R_P0,R78.2
3.3V,R79.1
L_UVPS_A0,R79.2
3.3V,R80.1
L_UVPS_A1,R80.2
3.3V,R8.1
S_BOOTR_VCORE_P1,R81.1
S_BOOT_VCORE_RC_P1,R81.2
SE_EMMC0_RST_L,R8.2
S_1.2V_DDR_FB_RC,R82.1
S_1.2V_DDR_FB,R82.2
S_1.2V_DDR_FB_R,R83.1
S_1.2V_DDR_FB,R83.2
3.3V,R84.1
L_UVPS_A2,R84.2
S_1.2V_DDR_ILIM,R85.1
AGND_1.2V_DDR,R85.2
5V,R86.1
S_VCC_VCORE_P2,R86.2
3.3V,R87.1
S_1.2V_SW_EN,R87.2
S_3.3V_EN,R88.1
GND,R88.2
AG_VCORE_RC_SNB_P2,R89.1
GND,R89.2
S_1.2V_SW_EN,R90.1
S_PGOOD_1.2V_DDR,R90.2
SE_EMMC0_RST_L,R9.1
3.3V,R91.1
S_UART_RST_L,R91.2
GND,R9.2
S_BOOTR_VCORE_P2,R92.1
S_BOOT_VCORE_RC_P2,R92.2
S_TAO_VCORE,R93.1
GND,R93.2
3.3V,R94.1
L_VR_FAULT_L,R94.2
3.3V_VIN_CONT,R95.1
S_REG_VCORE_EN,R95.2
S_PGOOD_3.3V,R96.1
S_5V_EN,R96.2
S_VINSEN_VCORE_R,R97.1
S_VINSEN_VCORE,R97.2
S_PGOOD_5V,R98.1
S_REG_VCORE_EN,R98.2
GND,R99.1
S_NC_CCLK,R99.2
GND,SH10.1
AGND_1.2V_DDR,SH10.2
VSSCPA,SH1.1
GND,SH11.1
GND_ANALOG_3.3V,SH11.2
GND,SH1.2
S_VREF_CONT,SH12.1
S_VCORE_ACSP1_N,SH12.2
VDD_SENSE_SH,SH13.1
VDD_SENSE,SH13.2
S_VREF_CONT,SH14.1
S_VCORE_ACSP2_N,SH14.2
AGND_5V,SH15.1
GND,SH15.2
GND_VSSPLLPL,SH16.1
GND,SH16.2
GND_VSSPLLPX,SH2.1
GND,SH2.2
1.8V,SH3.1
S_1.8V_FB_R,SH3.2
GND,SH4.1
GND_ANALOG_2.5V,SH4.2
VSSCPA1,SH5.1
GND,SH5.2
GND,SH6.1
GND_ANALOG_1.8V,SH6.2
S_1.2V_DDR_FB_R,SH7.1
1.2V_DDR,SH7.2
VSSCPA2,SH8.1
GND,SH8.2
GND,SH9.1
GND_ANALOG_3.3V_P0,SH9.2
1.2V_DDR,U10.A1
GND,U10.A2
(Net0),U10.A3
DDR4_DBI_B4,U10.A7
GND,U10.A8
GND,U10.A9
2.5V,U10.B1
1.2V_DDR,U10.B2
DDR4_DQS4_N,U10.B3
DDR4_DQ33,U10.B7
1.2V_DDR,U10.B8
L_ZQ_5_L,U10.B9
1.2V_DDR,U10.C1
DDR4_DQ32,U10.C2
DDR4_DQS4_P,U10.C3
1.2V_DDR,U10.C7
GND,U10.C8
1.2V_DDR,U10.C9
GND,U10.D1
DDR4_DQ36,U10.D2
DDR4_DQ34,U10.D3
DDR4_DQ35,U10.D7
DDR4_DQ37,U10.D8
GND,U10.D9
GND,U10.E1
1.2V_DDR,U10.E2
DDR4_DQ38,U10.E3
DDR4_DQ39,U10.E7
1.2V_DDR,U10.E8
GND,U10.E9
1.2V_DDR,U10.F1
DDR4_ODT1,U10.F2
DDR4_ODT0,U10.F3
DDR4_CK0_P,U10.F7
DDR4_CK0_N,U10.F8
1.2V_DDR,U10.F9
GND,U10.G1
DDR4_CKE1,U10.G2
DDR4_CKE0,U10.G3
DDR4_CS0_N,U10.G7
DDR4_CS1_N,U10.G8
L_TEN,U10.G9
1.2V_DDR,U10.H1
DDR4_A14,U10.H2
DDR4_ACT_N,U10.H3
DDR4_A15,U10.H7
DDR4_A16,U10.H8
GND,U10.H9
0.6V_VREFCA,U10.J1
DDR4_BG0,U10.J2
DDR4_A10,U10.J3
DDR4_A12,U10.J7
DDR4_BG1,U10.J8
1.2V_DDR,U10.J9
GND,U10.K1
DDR4_BA0,U10.K2
DDR4_A4,U10.K3
DDR4_A3,U10.K7
DDR4_BA1,U10.K8
GND,U10.K9
DDR4_MEMRESET_L,U10.L1
DDR4_A6,U10.L2
DDR4_A0,U10.L3
DDR4_A1,U10.L7
DDR4_A5,U10.L8
DDR4_ALERT_N,U10.L9
1.2V_DDR,U10.M1
DDR4_A8,U10.M2
DDR4_A2,U10.M3
DDR4_A9,U10.M7
DDR4_A7,U10.M8
2.5V,U10.M9
GND,U10.N1
DDR4_A11,U10.N2
DDR4_PAR,U10.N3
DDR4_A17,U10.N7
DDR4_A13,U10.N8
1.2V_DDR,U10.N9
1.2V_DDR,U11.A1
GND,U11.A2
(Net0),U11.A3
DDR4_DBI_B8,U11.A7
GND,U11.A8
GND,U11.A9
2.5V,U11.B1
1.2V_DDR,U11.B2
DDR4_DQS8_N,U11.B3
DDR4_CB1,U11.B7
1.2V_DDR,U11.B8
L_ZQ_ECC_L,U11.B9
1.2V_DDR,U11.C1
DDR4_CB0,U11.C2
DDR4_DQS8_P,U11.C3
1.2V_DDR,U11.C7
GND,U11.C8
1.2V_DDR,U11.C9
GND,U11.D1
DDR4_CB4,U11.D2
DDR4_CB2,U11.D3
DDR4_CB3,U11.D7
DDR4_CB5,U11.D8
GND,U11.D9
GND,U11.E1
1.2V_DDR,U11.E2
DDR4_CB6,U11.E3
DDR4_CB7,U11.E7
1.2V_DDR,U11.E8
GND,U11.E9
1.2V_DDR,U11.F1
DDR4_ODT1,U11.F2
DDR4_ODT0,U11.F3
DDR4_CK0_P,U11.F7
DDR4_CK0_N,U11.F8
1.2V_DDR,U11.F9
GND,U11.G1
DDR4_CKE1,U11.G2
DDR4_CKE0,U11.G3
DDR4_CS0_N,U11.G7
DDR4_CS1_N,U11.G8
L_TEN,U11.G9
1.2V_DDR,U11.H1
DDR4_A14,U11.H2
DDR4_ACT_N,U11.H3
DDR4_A15,U11.H7
DDR4_A16,U11.H8
GND,U11.H9
0.6V_VREFCA,U11.J1
DDR4_BG0,U11.J2
DDR4_A10,U11.J3
DDR4_A12,U11.J7
DDR4_BG1,U11.J8
1.2V_DDR,U11.J9
GND,U11.K1
DDR4_BA0,U11.K2
DDR4_A4,U11.K3
DDR4_A3,U11.K7
DDR4_BA1,U11.K8
GND,U11.K9
DDR4_MEMRESET_L,U11.L1
DDR4_A6,U11.L2
DDR4_A0,U11.L3
DDR4_A1,U11.L7
DDR4_A5,U11.L8
DDR4_ALERT_N,U11.L9
1.2V_DDR,U11.M1
DDR4_A8,U11.M2
DDR4_A2,U11.M3
DDR4_A9,U11.M7
DDR4_A7,U11.M8
2.5V,U11.M9
GND,U11.N1
DDR4_A11,U11.N2
DDR4_PAR,U11.N3
DDR4_A17,U11.N7
DDR4_A13,U11.N8
1.2V_DDR,U11.N9
1.2V_DDR,U12.A1
GND,U12.A2
(Net0),U12.A3
DDR4_DBI_B2,U12.A7
GND,U12.A8
GND,U12.A9
2.5V,U12.B1
1.2V_DDR,U12.B2
DDR4_DQS2_N,U12.B3
DDR4_DQ17,U12.B7
1.2V_DDR,U12.B8
L_ZQ_3_L,U12.B9
1.2V_DDR,U12.C1
DDR4_DQ16,U12.C2
DDR4_DQS2_P,U12.C3
1.2V_DDR,U12.C7
GND,U12.C8
1.2V_DDR,U12.C9
GND,U12.D1
DDR4_DQ20,U12.D2
DDR4_DQ18,U12.D3
DDR4_DQ19,U12.D7
DDR4_DQ21,U12.D8
GND,U12.D9
GND,U12.E1
1.2V_DDR,U12.E2
DDR4_DQ22,U12.E3
DDR4_DQ23,U12.E7
1.2V_DDR,U12.E8
GND,U12.E9
1.2V_DDR,U12.F1
DDR4_ODT1,U12.F2
DDR4_ODT0,U12.F3
DDR4_CK0_P,U12.F7
DDR4_CK0_N,U12.F8
1.2V_DDR,U12.F9
GND,U12.G1
DDR4_CKE1,U12.G2
DDR4_CKE0,U12.G3
DDR4_CS0_N,U12.G7
DDR4_CS1_N,U12.G8
L_TEN,U12.G9
1.2V_DDR,U12.H1
DDR4_A14,U12.H2
DDR4_ACT_N,U12.H3
DDR4_A15,U12.H7
DDR4_A16,U12.H8
GND,U12.H9
0.6V_VREFCA,U12.J1
DDR4_BG0,U12.J2
DDR4_A10,U12.J3
DDR4_A12,U12.J7
DDR4_BG1,U12.J8
1.2V_DDR,U12.J9
GND,U12.K1
DDR4_BA0,U12.K2
DDR4_A4,U12.K3
DDR4_A3,U12.K7
DDR4_BA1,U12.K8
GND,U12.K9
DDR4_MEMRESET_L,U12.L1
DDR4_A6,U12.L2
DDR4_A0,U12.L3
DDR4_A1,U12.L7
DDR4_A5,U12.L8
DDR4_ALERT_N,U12.L9
1.2V_DDR,U12.M1
DDR4_A8,U12.M2
DDR4_A2,U12.M3
DDR4_A9,U12.M7
DDR4_A7,U12.M8
2.5V,U12.M9
GND,U12.N1
DDR4_A11,U12.N2
DDR4_PAR,U12.N3
DDR4_A17,U12.N7
DDR4_A13,U12.N8
1.2V_DDR,U12.N9
1.2V_DDR,U13.A1
GND,U13.A2
(Net0),U13.A3
DDR4_DBI_B0,U13.A7
GND,U13.A8
GND,U13.A9
2.5V,U13.B1
1.2V_DDR,U13.B2
DDR4_DQS0_N,U13.B3
DDR4_DQ1,U13.B7
1.2V_DDR,U13.B8
L_ZQ_1_L,U13.B9
1.2V_DDR,U13.C1
DDR4_DQ0,U13.C2
DDR4_DQS0_P,U13.C3
1.2V_DDR,U13.C7
GND,U13.C8
1.2V_DDR,U13.C9
GND,U13.D1
DDR4_DQ4,U13.D2
DDR4_DQ2,U13.D3
DDR4_DQ3,U13.D7
DDR4_DQ5,U13.D8
GND,U13.D9
GND,U13.E1
1.2V_DDR,U13.E2
DDR4_DQ6,U13.E3
DDR4_DQ7,U13.E7
1.2V_DDR,U13.E8
GND,U13.E9
1.2V_DDR,U13.F1
DDR4_ODT1,U13.F2
DDR4_ODT0,U13.F3
DDR4_CK0_P,U13.F7
DDR4_CK0_N,U13.F8
1.2V_DDR,U13.F9
GND,U13.G1
DDR4_CKE1,U13.G2
DDR4_CKE0,U13.G3
DDR4_CS0_N,U13.G7
DDR4_CS1_N,U13.G8
L_TEN,U13.G9
1.2V_DDR,U13.H1
DDR4_A14,U13.H2
DDR4_ACT_N,U13.H3
DDR4_A15,U13.H7
DDR4_A16,U13.H8
GND,U13.H9
0.6V_VREFCA,U13.J1
DDR4_BG0,U13.J2
DDR4_A10,U13.J3
DDR4_A12,U13.J7
DDR4_BG1,U13.J8
1.2V_DDR,U13.J9
GND,U13.K1
DDR4_BA0,U13.K2
DDR4_A4,U13.K3
DDR4_A3,U13.K7
DDR4_BA1,U13.K8
GND,U13.K9
DDR4_MEMRESET_L,U13.L1
DDR4_A6,U13.L2
DDR4_A0,U13.L3
DDR4_A1,U13.L7
DDR4_A5,U13.L8
DDR4_ALERT_N,U13.L9
1.2V_DDR,U13.M1
DDR4_A8,U13.M2
DDR4_A2,U13.M3
DDR4_A9,U13.M7
DDR4_A7,U13.M8
2.5V,U13.M9
GND,U13.N1
DDR4_A11,U13.N2
DDR4_PAR,U13.N3
DDR4_A17,U13.N7
DDR4_A13,U13.N8
1.2V_DDR,U13.N9
S_RCLK_LVDS_OE,U14.1
S_NC_RCLK,U14.2
GND,U14.3
S_RCLK_LVDS_P,U14.4
S_RCLK_LVDS_N,U14.5
3.3V_RCLK_LVDS_OCS,U14.6
3.3V,U15.1
ETH_1GB_CP,U15.10
ETH_1GB_CN,U15.11
1.2V_AVDDL,U15.12
1.2V_AVDDL,U15.13
ETH_1GB_DP,U15.14
ETH_1GB_DN,U15.15
3.3V,U15.16
L_PHY_RJ45_LED2,U15.17
3.3V,U15.18
L_PHY_RJ45_LED1,U15.19
ETH_1GB_AP,U15.2
1.2V_DVDDL,U15.20
SE_GMII_TX_D0,U15.21
SE_GMII_TX_D1,U15.22
SE_GMII_TX_D2,U15.23
SE_GMII_TX_D3,U15.24
1.2V_DVDDL,U15.25
SE_GMII_TX_D4,U15.26
SE_GMII_TX_D5,U15.27
SE_GMII_TX_D6,U15.28
SE_GMII_TX_D7,U15.29
ETH_1GB_AN,U15.3
3.3V,U15.30
SE_GMII_TX_ER,U15.31
SE_GMII_GCLK,U15.32
SE_GMII_TX_EN,U15.33
SE_GMII_RX_D7_R,U15.34
SE_GMII_RX_D6_R,U15.35
1.2V_DVDDL,U15.36
SE_GMII_RX_D5_R,U15.37
SE_GMII_RX_D4_R,U15.38
SE_GMII_RX_D3_R,U15.39
1.2V_AVDDL,U15.4
3.3V,U15.40
SE_GMII_RX_D2_R,U15.41
1.2V_DVDDL,U15.42
SE_GMII_RX_D1_R,U15.43
SE_GMII_RX_D0_R,U15.44
SE_GMII_RX_DV_R,U15.45
3.3V,U15.46
SE_GMII_RX_ER_R,U15.47
SE_GMII_RX_CLK_R,U15.48
NC_GMII_CRS,U15.49
1.2V_AVDDL,U15.5
MDC2_ARM,U15.50
MDIO2_ARM,U15.51
NC_GMII_COL,U15.52
S_PHY_INT_L,U15.53
1.2V_DVDDL,U15.54
NC_GMII_REF_CLK,U15.55
S_GMII_RST,U15.56
(Net0),U15.57
S_LDO_GATE,U15.58
1.2V_AVDDL_PLL,U15.59
(Net0),U15.6
SE_CLK_GEN_GMII_XO,U15.60
SE_CLK_GEN_GMII_XI,U15.61
(Net0),U15.62
S_REF_ISET,U15.63
GND,U15.64
GND,U15.65
ETH_1GB_BP,U15.7
ETH_1GB_BN,U15.8
GND,U15.9
AG_1.8V_BST,U16.1
12V,U16.10
GND,U16.11
GND,U16.12
GND,U16.13
GND,U16.14
GND,U16.15
GND,U16.16
GND,U16.17
GND,U16.18
VCC_1.8V,U16.19
GND_ANALOG_1.8V,U16.2
AG_1.8V_PH,U16.20
12V,U16.21
S_1.8V_ILIM,U16.3
S_1.8V_MODE,U16.4
S_1.8V_SS,U16.5
GND,U16.6
S_1.8V_FB,U16.7
S_REG_1.8V_EN,U16.8
S_PGOOD_1.8V,U16.9
(Net0),U17.1
AG_SW_VCORE_P1,U17.10
AG_SW_VCORE_P1,U17.11
AG_SW_VCORE_P1,U17.12
AG_SW_VCORE_P1,U17.13
AG_SW_VCORE_P1,U17.14
AG_SW_VCORE_P1,U17.15
AG_SW_VCORE_P1,U17.16
AG_SW_VCORE_P1,U17.17
AG_SW_VCORE_P1,U17.18
AG_SW_VCORE_P1,U17.19
GND,U17.2
GND,U17.20
GND,U17.21
GND,U17.22
GND,U17.23
GND,U17.24
12V,U17.25
12V,U17.26
12V,U17.27
12V,U17.28
12V,U17.29
S_VCC_VCORE_P1,U17.3
12V,U17.30
(Net0),U17.31
S_BOOTR_VCORE_P1,U17.32
S_BOOT_VCORE_P1,U17.33
AG_VCORE_PWM1,U17.34
S_VCORE_P1_EN,U17.35
S_TAO_VCORE,U17.36
S_LSET_VCORE_P1,U17.37
S_VCORE_ACSP1_P,U17.38
S_VCORE_ACSP1_N,U17.39
5V,U17.4
GND,U17.40
(Net0),U17.41
GND,U17.5
(Net0),U17.6
GND,U17.7
GND,U17.8
GND,U17.9
SE_NCSI_TX_EN,U18.1
GND,U18.2
(Net0),U18.3
SE_NCSI_TX_EN_CONN,U18.4
3.3V_SH,U18.5
S_SOC_HARD_RST_L,U18.6
AG_1.2V_DDR_BST,U19.1
12V,U19.10
GND,U19.11
GND,U19.12
GND,U19.13
GND,U19.14
GND,U19.15
GND,U19.16
GND,U19.17
GND,U19.18
VCC_1.2V,U19.19
AGND_1.2V_DDR,U19.2
AG_1.2V_DDR_PH,U19.20
12V,U19.21
S_1.2V_DDR_ILIM,U19.3
S_1.2V_DDR_MODE,U19.4
S_1.2V_DDR_SS,U19.5
GND,U19.6
S_1.2V_DDR_FB,U19.7
S_1.2V_DDR_EN,U19.8
S_PGOOD_1.2V_DDR,U19.9
GND,U1.A10
GND,U1.A11
GND,U1.A12
GND,U1.A13
GND,U1.A14
GND,U1.A15
GND,U1.A16
GND,U1.A17
GND,U1.A18
GND,U1.A19
GND,U1.A20
GND,U1.A21
GND,U1.A22
GND,U1.A23
GND,U1.A24
GND,U1.A25
GND,U1.A26
GND,U1.A27
GND,U1.A28
GND_VSSPLLPL,U1.A29
GND_VSSPLLPX,U1.A3
S_RCLK_P,U1.A30
S_RCLK_N,U1.A31
(Net0),U1.A32
(Net0),U1.A33
GND_VSSPLLPL,U1.A34
S_STRAP_OSC_FREQ1,U1.A35
GND,U1.A36
PCIE_PERCLK0N,U1.A4
PCIE_PERCLK0P,U1.A5
(Net0),U1.A6
(Net0),U1.A7
GND_VSSPLLPX,U1.A8
GND,U1.A9
GND,U1.AA1
1.8V,U1.AA10
GND,U1.AA11
GND_VSSPLLPX,U1.AA12
GND_VSSPLLPX,U1.AA13
GND_VSSPLLPX,U1.AA14
VCORE,U1.AA15
GND,U1.AA16
VCORE,U1.AA17
GND,U1.AA18
VCORE,U1.AA19
PCIE_CPU_BF_08P,U1.AA2
GND,U1.AA20
VCORE,U1.AA21
GND,U1.AA22
VCORE,U1.AA23
GND,U1.AA24
VCORE,U1.AA25
GND,U1.AA26
VCORE,U1.AA27
GND,U1.AA28
VCORE,U1.AA29
PCIE_CPU_BF_08N,U1.AA3
GND,U1.AA30
GND,U1.AA31
GND,U1.AA32
GND,U1.AA33
DDR4_DQ60,U1.AA34
DDR4_DQ56,U1.AA35
GND,U1.AA36
DDR4_DQ51,U1.AA37
DDR4_DQ49,U1.AA38
GND,U1.AA4
GND,U1.AA5
PCIE_BF_CPU_08P_C,U1.AA6
PCIE_BF_CPU_08N_C,U1.AA7
GND,U1.AA8
1.2V,U1.AA9
GND,U1.AB1
1.8V,U1.AB10
GND,U1.AB11
1.8V,U1.AB12
1.8V,U1.AB13
GND,U1.AB14
GND,U1.AB15
VCORE,U1.AB16
GND,U1.AB17
VCORE,U1.AB18
GND,U1.AB19
GND,U1.AB2
VCORE,U1.AB20
GND,U1.AB21
VCORE,U1.AB22
GND,U1.AB23
VCORE,U1.AB24
GND,U1.AB25
VCORE,U1.AB26
GND,U1.AB27
VCORE,U1.AB28
GND,U1.AB29
GND,U1.AB3
GND,U1.AB30
GND,U1.AB31
GND,U1.AB32
GND,U1.AB33
DDR4_DQS7_N,U1.AB34
DDR4_DQS7_P,U1.AB35
GND,U1.AB36
DDR4_DQS6_N,U1.AB37
DDR4_DQS6_P,U1.AB38
GND,U1.AB4
GND,U1.AB5
GND,U1.AB6
GND,U1.AB7
GND,U1.AB8
1.2V,U1.AB9
GND,U1.AC1
1.8V,U1.AC10
1.8V,U1.AC11
1.8V,U1.AC12
1.8V,U1.AC13
GND,U1.AC14
VCORE,U1.AC15
GND,U1.AC16
VCORE,U1.AC17
GND,U1.AC18
VCORE,U1.AC19
PCIE_CPU_BF_09P,U1.AC2
GND,U1.AC20
VCORE,U1.AC21
GND,U1.AC22
VCORE,U1.AC23
GND,U1.AC24
VCORE,U1.AC25
GND,U1.AC26
VCORE,U1.AC27
GND,U1.AC28
VCORE,U1.AC29
PCIE_CPU_BF_09N,U1.AC3
GND,U1.AC30
GND,U1.AC31
GND,U1.AC32
GND,U1.AC33
DDR4_DBI_B7,U1.AC34
(Net0),U1.AC35
GND,U1.AC36
DDR4_DBI_B6,U1.AC37
(Net0),U1.AC38
GND,U1.AC4
GND,U1.AC5
PCIE_BF_CPU_09P_C,U1.AC6
PCIE_BF_CPU_09N_C,U1.AC7
GND,U1.AC8
1.2V,U1.AC9
GND,U1.AD1
1.8V,U1.AD10
1.8V,U1.AD11
1.8V,U1.AD12
1.8V,U1.AD13
GND,U1.AD14
GND,U1.AD15
VCORE,U1.AD16
GND,U1.AD17
VCORE,U1.AD18
GND,U1.AD19
GND,U1.AD2
VCORE,U1.AD20
GND,U1.AD21
VCORE,U1.AD22
GND,U1.AD23
VCORE,U1.AD24
GND,U1.AD25
VCORE,U1.AD26
GND,U1.AD27
VCORE,U1.AD28
GND,U1.AD29
GND,U1.AD3
GND,U1.AD30
GND,U1.AD31
GND,U1.AD32
GND,U1.AD33
DDR4_DQ59,U1.AD34
DDR4_DQ57,U1.AD35
GND,U1.AD36
DDR4_DQ48,U1.AD37
DDR4_DQ50,U1.AD38
GND,U1.AD4
GND,U1.AD5
GND,U1.AD6
GND,U1.AD7
GND,U1.AD8
1.2V,U1.AD9
GND,U1.AE1
1.8V,U1.AE10
GND,U1.AE11
1.8V,U1.AE12
1.8V,U1.AE13
GND,U1.AE14
VCORE,U1.AE15
GND,U1.AE16
VCORE,U1.AE17
GND,U1.AE18
VCORE,U1.AE19
PCIE_CPU_BF_10P,U1.AE2
GND,U1.AE20
VCORE,U1.AE21
GND,U1.AE22
VCORE,U1.AE23
GND,U1.AE24
VCORE,U1.AE25
GND,U1.AE26
VCORE,U1.AE27
GND,U1.AE28
VCORE,U1.AE29
PCIE_CPU_BF_10N,U1.AE3
GND,U1.AE30
GND,U1.AE31
GND,U1.AE32
GND,U1.AE33
DDR4_DQ63,U1.AE34
DDR4_DQ61,U1.AE35
GND,U1.AE36
DDR4_DQ52,U1.AE37
DDR4_DQ54,U1.AE38
GND,U1.AE4
GND,U1.AE5
PCIE_BF_CPU_10P_C,U1.AE6
PCIE_BF_CPU_10N_C,U1.AE7
GND,U1.AE8
1.2V,U1.AE9
GND,U1.AF1
1.8V,U1.AF10
NC_VDDHSPX_SENSE,U1.AF11
NC_VDDIPX_SENSE,U1.AF12
GND,U1.AF13
GND,U1.AF14
GND,U1.AF15
VCORE,U1.AF16
GND,U1.AF17
VCORE,U1.AF18
GND,U1.AF19
GND,U1.AF2
VCORE,U1.AF20
GND,U1.AF21
VCORE,U1.AF22
GND,U1.AF23
VCORE,U1.AF24
GND,U1.AF25
VCORE,U1.AF26
GND,U1.AF27
VCORE,U1.AF28
GND,U1.AF29
GND,U1.AF3
GND,U1.AF30
GND,U1.AF31
GND,U1.AF32
GND,U1.AF33
GND,U1.AF34
GND,U1.AF35
GND,U1.AF36
GND,U1.AF37
GND,U1.AF38
GND,U1.AF4
GND,U1.AF5
GND,U1.AF6
GND,U1.AF7
GND,U1.AF8
1.2V,U1.AF9
GND,U1.AG1
GND,U1.AG10
VCORE,U1.AG11
GND,U1.AG12
VCORE,U1.AG13
GND,U1.AG14
VCORE,U1.AG15
GND,U1.AG16
VCORE,U1.AG17
GND,U1.AG18
VCORE,U1.AG19
PCIE_CPU_BF_11P,U1.AG2
GND,U1.AG20
VCORE,U1.AG21
GND,U1.AG22
VCORE,U1.AG23
GND,U1.AG24
VCORE,U1.AG25
GND,U1.AG26
VCORE,U1.AG27
GND,U1.AG28
VCORE,U1.AG29
PCIE_CPU_BF_11N,U1.AG3
GND,U1.AG30
GND,U1.AG31
GND,U1.AG32
GND,U1.AG33
DDR4_DQ46,U1.AG34
DDR4_DQ42,U1.AG35
GND,U1.AG36
DDR4_DQ39,U1.AG37
DDR4_DQ37,U1.AG38
GND,U1.AG4
GND,U1.AG5
PCIE_BF_CPU_11P_C,U1.AG6
PCIE_BF_CPU_11N_C,U1.AG7
GND,U1.AG8
VCORE,U1.AG9
GND,U1.AH1
VCORE,U1.AH10
GND,U1.AH11
VCORE,U1.AH12
GND,U1.AH13
VCORE,U1.AH14
GND,U1.AH15
VCORE,U1.AH16
GND,U1.AH17
VCORE,U1.AH18
GND,U1.AH19
GND,U1.AH2
VCORE,U1.AH20
GND,U1.AH21
VCORE,U1.AH22
GND,U1.AH23
VCORE,U1.AH24
GND,U1.AH25
VCORE,U1.AH26
GND,U1.AH27
VCORE,U1.AH28
GND,U1.AH29
GND,U1.AH3
GND,U1.AH30
GND,U1.AH31
GND,U1.AH32
GND,U1.AH33
DDR4_DQ44,U1.AH34
DDR4_DQ40,U1.AH35
GND,U1.AH36
DDR4_DQ35,U1.AH37
DDR4_DQ33,U1.AH38
GND,U1.AH4
GND,U1.AH5
GND,U1.AH6
GND,U1.AH7
GND,U1.AH8
GND,U1.AH9
GND,U1.AJ1
GND,U1.AJ10
VCORE,U1.AJ11
GND,U1.AJ12
VCORE,U1.AJ13
GND,U1.AJ14
VCORE,U1.AJ15
GND,U1.AJ16
VCORE,U1.AJ17
GND,U1.AJ18
VCORE,U1.AJ19
PCIE_CPU_BF_12P,U1.AJ2
GND,U1.AJ20
1.2V_DDR,U1.AJ21
NC_DDR_INTERNAL_VREF,U1.AJ22
1.2V_DDR,U1.AJ23
NC_DDR4_DTO0,U1.AJ24
1.2V_DDR,U1.AJ25
1.8V_VAA_DDR_PLL,U1.AJ26
1.2V_DDR,U1.AJ27
GND,U1.AJ28
1.2V_DDR,U1.AJ29
PCIE_CPU_BF_12N,U1.AJ3
GND,U1.AJ30
1.2V_DDR,U1.AJ31
GND,U1.AJ32
GND,U1.AJ33
DDR4_DQS5_N,U1.AJ34
DDR4_DQS5_P,U1.AJ35
GND,U1.AJ36
DDR4_DQS4_N,U1.AJ37
DDR4_DQS4_P,U1.AJ38
GND,U1.AJ4
GND,U1.AJ5
PCIE_BF_CPU_12P_C,U1.AJ6
PCIE_BF_CPU_12N_C,U1.AJ7
GND,U1.AJ8
VCORE,U1.AJ9
GND,U1.AK1
GND,U1.AK10
GND,U1.AK11
GND,U1.AK12
VDDCPA,U1.AK13
1.8V_VDD18,U1.AK14
GND,U1.AK15
GND,U1.AK16
GND,U1.AK17
GND,U1.AK18
GND,U1.AK19
GND,U1.AK2
1.2V_DDR,U1.AK20
GND,U1.AK21
1.2V_DDR,U1.AK22
GND,U1.AK23
1.2V_DDR,U1.AK24
GND,U1.AK25
1.2V_DDR,U1.AK26
GND,U1.AK27
1.2V_DDR,U1.AK28
GND,U1.AK29
GND,U1.AK3
1.2V_DDR,U1.AK30
GND,U1.AK31
1.2V_DDR,U1.AK32
GND,U1.AK33
DDR4_DBI_B5,U1.AK34
(Net0),U1.AK35
GND,U1.AK36
DDR4_DBI_B4,U1.AK37
(Net0),U1.AK38
GND,U1.AK4
GND,U1.AK5
GND,U1.AK6
GND,U1.AK7
GND,U1.AK8
GND,U1.AK9
GND,U1.AL1
GND,U1.AL10
GND,U1.AL11
GND,U1.AL12
VSSCPA,U1.AL13
1.8V_VDD18,U1.AL14
GND,U1.AL15
S_CCLK_N,U1.AL16
S_CCLK_P,U1.AL17
GND,U1.AL18
GND,U1.AL19
PCIE_CPU_BF_13P,U1.AL2
GND,U1.AL20
1.2V_DDR,U1.AL21
GND,U1.AL22
DDR4_MEMRESET_L,U1.AL23
GND,U1.AL24
1.2V_DDR,U1.AL25
GND,U1.AL26
1.2V_DDR,U1.AL27
GND,U1.AL28
1.2V_DDR,U1.AL29
PCIE_CPU_BF_13N,U1.AL3
GND,U1.AL30
1.2V_DDR,U1.AL31
GND,U1.AL32
GND,U1.AL33
DDR4_DQ43,U1.AL34
DDR4_DQ41,U1.AL35
GND,U1.AL36
DDR4_DQ32,U1.AL37
DDR4_DQ34,U1.AL38
GND,U1.AL4
GND,U1.AL5
PCIE_BF_CPU_13P_C,U1.AL6
PCIE_BF_CPU_13N_C,U1.AL7
GND,U1.AL8
GND,U1.AL9
GND,U1.AM1
GND,U1.AM10
GND,U1.AM11
GND,U1.AM12
GND,U1.AM13
GND,U1.AM14
GND,U1.AM15
GND,U1.AM16
GND,U1.AM17
GND,U1.AM18
GND,U1.AM19
GND,U1.AM2
GND,U1.AM20
GND,U1.AM21
1.2V_DDR,U1.AM22
GND,U1.AM23
1.2V_DDR,U1.AM24
GND,U1.AM25
1.2V_DDR,U1.AM26
GND,U1.AM27
1.2V_DDR,U1.AM28
GND,U1.AM29
GND,U1.AM3
1.2V_DDR,U1.AM30
GND,U1.AM31
1.2V_DDR,U1.AM32
GND,U1.AM33
DDR4_DQ47,U1.AM34
DDR4_DQ45,U1.AM35
GND,U1.AM36
DDR4_DQ36,U1.AM37
DDR4_DQ38,U1.AM38
GND,U1.AM4
GND,U1.AM5
GND,U1.AM6
GND,U1.AM7
GND,U1.AM8
GND,U1.AM9
GND,U1.AN1
GND,U1.AN10
GND,U1.AN11
GND,U1.AN12
GND,U1.AN13
GND,U1.AN14
GND,U1.AN15
GND,U1.AN16
GND,U1.AN17
GND,U1.AN18
GND,U1.AN19
PCIE_CPU_BF_14P,U1.AN2
GND,U1.AN20
GND,U1.AN21
GND,U1.AN22
GND,U1.AN23
GND,U1.AN24
1.2V_DDR,U1.AN25
GND,U1.AN26
1.2V_DDR,U1.AN27
GND,U1.AN28
1.2V_DDR,U1.AN29
PCIE_CPU_BF_14N,U1.AN3
GND,U1.AN30
1.2V_DDR,U1.AN31
GND,U1.AN32
1.2V_DDR,U1.AN33
GND,U1.AN34
1.2V_DDR,U1.AN35
GND,U1.AN36
GND,U1.AN37
GND,U1.AN38
GND,U1.AN4
GND,U1.AN5
PCIE_BF_CPU_14P_C,U1.AN6
PCIE_BF_CPU_14N_C,U1.AN7
GND,U1.AN8
GND,U1.AN9
GND,U1.AP1
GND,U1.AP10
GND,U1.AP11
DDR4_DQ15,U1.AP12
DDR4_DQ11,U1.AP13
DDR4_DBI_B1,U1.AP14
DDR4_DQS1_N,U1.AP15
DDR4_DQ12,U1.AP16
DDR4_DQ14,U1.AP17
GND,U1.AP18
DDR4_DQ31,U1.AP19
GND,U1.AP2
DDR4_DQ27,U1.AP20
DDR4_DBI_B3,U1.AP21
DDR4_DQS3_N,U1.AP22
DDR4_DQ28,U1.AP23
DDR4_DQ30,U1.AP24
GND,U1.AP25
DDR4_CK1_P,U1.AP26
DDR4_CK1_N,U1.AP27
(Net0),U1.AP28
(Net0),U1.AP29
GND,U1.AP3
(Net0),U1.AP30
(Net0),U1.AP31
(Net0),U1.AP32
(Net0),U1.AP33
(Net0),U1.AP34
DDR4_A17,U1.AP35
DDR4_ALERT_N_R,U1.AP36
DDR4_PAR,U1.AP37
DDR4_A13,U1.AP38
GND,U1.AP4
GND,U1.AP5
GND,U1.AP6
GND,U1.AP7
GND,U1.AP8
GND,U1.AP9
GND,U1.AR1
GND,U1.AR10
GND,U1.AR11
DDR4_DQ13,U1.AR12
DDR4_DQ9,U1.AR13
(Net0),U1.AR14
DDR4_DQS1_P,U1.AR15
DDR4_DQ8,U1.AR16
DDR4_DQ10,U1.AR17
GND,U1.AR18
DDR4_DQ29,U1.AR19
PCIE_CPU_BF_15P,U1.AR2
DDR4_DQ25,U1.AR20
(Net0),U1.AR21
DDR4_DQS3_P,U1.AR22
DDR4_DQ24,U1.AR23
DDR4_DQ26,U1.AR24
GND,U1.AR25
DDR4_CK0_P,U1.AR26
DDR4_CK0_N,U1.AR27
(Net0),U1.AR28
DDR4_CS1_N,U1.AR29
PCIE_CPU_BF_15N,U1.AR3
DDR4_CKE0,U1.AR30
DDR4_A16,U1.AR31
DDR4_ACT_N,U1.AR32
DDR4_A10,U1.AR33
DDR4_A11,U1.AR34
DDR4_A5,U1.AR35
DDR4_A0,U1.AR36
DDR4_A7,U1.AR37
DDR4_A2,U1.AR38
GND,U1.AR4
GND,U1.AR5
PCIE_BF_CPU_15P_C,U1.AR6
PCIE_BF_CPU_15N_C,U1.AR7
GND,U1.AR8
GND,U1.AR9
GND,U1.AT1
GND,U1.AT10
GND,U1.AT11
GND,U1.AT12
GND,U1.AT13
GND,U1.AT14
GND,U1.AT15
GND,U1.AT16
GND,U1.AT17
GND,U1.AT18
GND,U1.AT19
GND,U1.AT2
GND,U1.AT20
GND,U1.AT21
GND,U1.AT22
GND,U1.AT23
GND,U1.AT24
1.2V_DDR,U1.AT25
GND,U1.AT26
1.2V_DDR,U1.AT27
GND,U1.AT28
1.2V_DDR,U1.AT29
GND,U1.AT3
GND,U1.AT30
1.2V_DDR,U1.AT31
GND,U1.AT32
1.2V_DDR,U1.AT33
GND,U1.AT34
1.2V_DDR,U1.AT35
GND,U1.AT36
1.2V_DDR,U1.AT37
GND,U1.AT38
GND,U1.AT4
GND,U1.AT5
GND,U1.AT6
GND,U1.AT7
GND,U1.AT8
GND,U1.AT9
DDR4_DQS0_N,U1.AU10
DDR4_DQ3,U1.AU11
DDR4_DQ7,U1.AU12
GND,U1.AU13
DDR4_DQ20,U1.AU14
DDR4_DQ16,U1.AU15
DDR4_DBI_B2,U1.AU16
DDR4_DQS2_N,U1.AU17
DDR4_DQ19,U1.AU18
DDR4_DQ23,U1.AU19
GND,U1.AU2
GND,U1.AU20
DDR4_CB4,U1.AU21
DDR4_CB0,U1.AU22
DDR4_DBI_B8,U1.AU23
DDR4_DQS8_N,U1.AU24
DDR4_CB3,U1.AU25
DDR4_CB7,U1.AU26
GND,U1.AU27
DDR4_CKE1,U1.AU28
DDR4_ODT1,U1.AU29
GND,U1.AU3
DDR4_A14,U1.AU30
DDR4_BG0,U1.AU31
DDR4_BA0,U1.AU32
DDR4_BG1,U1.AU33
DDR4_A1,U1.AU34
DDR4_BA1,U1.AU35
DDR4_A4,U1.AU36
GND,U1.AU37
GND,U1.AU4
GND,U1.AU5
GND,U1.AU6
DDR4_DQ4,U1.AU7
DDR4_DQ0,U1.AU8
DDR4_DBI_B0,U1.AU9
DDR4_DQS0_P,U1.AV10
DDR4_DQ1,U1.AV11
DDR4_DQ5,U1.AV12
GND,U1.AV13
DDR4_DQ22,U1.AV14
DDR4_DQ18,U1.AV15
(Net0),U1.AV16
DDR4_DQS2_P,U1.AV17
DDR4_DQ17,U1.AV18
DDR4_DQ21,U1.AV19
GND,U1.AV20
DDR4_CB6,U1.AV21
DDR4_CB2,U1.AV22
(Net0),U1.AV23
DDR4_DQS8_P,U1.AV24
DDR4_CB1,U1.AV25
DDR4_CB5,U1.AV26
GND,U1.AV27
DDR4_ODT0,U1.AV28
DDR4_CS0_N,U1.AV29
GND,U1.AV3
DDR4_A15,U1.AV30
DDR4_A12,U1.AV31
DDR4_A3,U1.AV32
DDR4_A6,U1.AV33
DDR4_A8,U1.AV34
DDR4_A9,U1.AV35
GND,U1.AV36
GND,U1.AV4
GND,U1.AV5
GND,U1.AV6
DDR4_DQ6,U1.AV7
DDR4_DQ2,U1.AV8
(Net0),U1.AV9
HS_QSFP0_BF_01N,U1.B10
GND,U1.B11
HS_QSFP0_BF_03P,U1.B12
GND,U1.B13
GND,U1.B14
HS_BF_QSFP0_02P,U1.B15
GND,U1.B16
HS_BF_QSFP0_00N,U1.B17
GND,U1.B18
GND,U1.B19
GND,U1.B2
(Net0),U1.B20
GND,U1.B21
(Net0),U1.B22
GND,U1.B23
GND,U1.B24
(Net0),U1.B25
GND,U1.B26
(Net0),U1.B27
GND,U1.B28
GND_VSSPLLPL,U1.B29
GND_VSSPLLPX,U1.B3
GND_VSSPLLPL,U1.B30
GND_VSSPLLPL,U1.B31
GND_VSSPLLPL,U1.B32
GND_VSSPLLPL,U1.B33
GND_VSSPLLPL,U1.B34
SE_SPI_IO3,U1.B35
SE_SPI_CS0_L,U1.B36
GND,U1.B37
(Net0),U1.B4
(Net0),U1.B5
(Net0),U1.B6
(Net0),U1.B7
GND_VSSPLLPX,U1.B8
GND,U1.B9
GND,U1.C1
HS_QSFP0_BF_01P,U1.C10
GND,U1.C11
HS_QSFP0_BF_03N,U1.C12
GND,U1.C13
GND,U1.C14
HS_BF_QSFP0_02N,U1.C15
GND,U1.C16
HS_BF_QSFP0_00P,U1.C17
GND,U1.C18
GND,U1.C19
GND,U1.C2
(Net0),U1.C20
GND,U1.C21
(Net0),U1.C22
GND,U1.C23
GND,U1.C24
(Net0),U1.C25
GND,U1.C26
(Net0),U1.C27
GND,U1.C28
GND,U1.C29
GND_VSSPLLPX,U1.C3
(Net0),U1.C30
GND,U1.C31
S_STRAP_OSC_FREQ0,U1.C32
SE_UART0_RXD,U1.C33
GND,U1.C34
se_SPI_CLK,U1.C35
SE_SPI_IO1,U1.C36
SE_NCSI_CLK,U1.C37
GND,U1.C38
GND_VSSPLLPX,U1.C4
GND_VSSPLLPX,U1.C5
GND_VSSPLLPX,U1.C6
GND_VSSPLLPX,U1.C7
GND_VSSPLLPX,U1.C8
GND,U1.C9
GND,U1.D1
GND,U1.D10
GND,U1.D11
GND,U1.D12
GND,U1.D13
GND,U1.D14
GND,U1.D15
GND,U1.D16
GND,U1.D17
GND,U1.D18
GND,U1.D19
GND,U1.D2
GND,U1.D20
GND,U1.D21
GND,U1.D22
GND,U1.D23
GND,U1.D24
GND,U1.D25
GND,U1.D26
GND,U1.D27
GND,U1.D28
S_STRAP_PCI_PART1,U1.D29
GND,U1.D3
S_NSRST_ARM_L,U1.D30
(Net0),U1.D31
L_YELLOW_LED1_P0,U1.D32
(Net0),U1.D33
I2C_ARM_SDA1,U1.D34
SE_SPI_IO0,U1.D35
SE_SPI_IO2,U1.D36
SE_NCSI_RX_D1_R,U1.D37
SE_NCSI_TX_D1,U1.D38
GND,U1.D4
GND,U1.D5
GND,U1.D6
GND,U1.D7
GND,U1.D8
GND,U1.D9
GND,U1.E1
HS_QSFP0_BF_00P,U1.E10
GND,U1.E11
HS_QSFP0_BF_02N,U1.E12
GND,U1.E13
GND,U1.E14
HS_BF_QSFP0_03N,U1.E15
GND,U1.E16
HS_BF_QSFP0_01P,U1.E17
GND,U1.E18
GND,U1.E19
PCIE_CPU_BF_00P,U1.E2
(Net0),U1.E20
GND,U1.E21
(Net0),U1.E22
GND,U1.E23
GND,U1.E24
(Net0),U1.E25
GND,U1.E26
(Net0),U1.E27
GND,U1.E28
(Net0),U1.E29
PCIE_CPU_BF_00N,U1.E3
SE_SER_DO,U1.E30
I2C_ARM_SCL0,U1.E31
S_MODPRS_P0_L,U1.E32
JTAG_TDO,U1.E33
GND,U1.E34
GND,U1.E35
GND,U1.E36
SE_NCSI_ARB_IN,U1.E37
SE_NCSI_CRS_DV_R,U1.E38
GND,U1.E4
GND,U1.E5
PCIE_BF_CPU_00P_C,U1.E6
PCIE_BF_CPU_00N_C,U1.E7
GND,U1.E8
GND,U1.E9
GND,U1.F1
HS_QSFP0_BF_00N,U1.F10
GND,U1.F11
HS_QSFP0_BF_02P,U1.F12
GND,U1.F13
GND,U1.F14
HS_BF_QSFP0_03P,U1.F15
GND,U1.F16
HS_BF_QSFP0_01N,U1.F17
GND,U1.F18
GND,U1.F19
GND,U1.F2
(Net0),U1.F20
GND,U1.F21
(Net0),U1.F22
GND,U1.F23
GND,U1.F24
(Net0),U1.F25
GND,U1.F26
(Net0),U1.F27
GND,U1.F28
S_PERST_L,U1.F29
GND,U1.F3
S_STRAP_PCI_PART0,U1.F30
(Net0),U1.F31
S_ARM_NSRST_R_L,U1.F32
SE_SER_DI,U1.F33
GND,U1.F34
SE_CCLK,U1.F35
GND,U1.F36
SE_NCSI_RX_D0_R,U1.F37
SE_NCSI_TX_EN,U1.F38
GND,U1.F4
GND,U1.F5
GND,U1.F6
GND,U1.F7
GND,U1.F8
GND,U1.F9
GND,U1.G1
GND,U1.G10
GND,U1.G11
GND,U1.G12
GND,U1.G13
GND,U1.G14
GND,U1.G15
GND,U1.G16
GND,U1.G17
GND,U1.G18
GND,U1.G19
PCIE_CPU_BF_01P,U1.G2
GND,U1.G20
GND,U1.G21
GND,U1.G22
GND,U1.G23
GND,U1.G24
GND,U1.G25
GND,U1.G26
GND,U1.G27
GND,U1.G28
L_GREEN_LED1_P0,U1.G29
PCIE_CPU_BF_01N,U1.G3
S_PWR_EN_PORT0,U1.G30
S_ARM_OOB_RST,U1.G31
(Net0),U1.G32
SE_SER_CAPTURE,U1.G33
GND,U1.G34
GND,U1.G35
GND,U1.G36
SE_NCSI_TX_D0,U1.G37
SE_NCSI_ARB_OUT_R,U1.G38
GND,U1.G4
GND,U1.G5
PCIE_BF_CPU_01P_C,U1.G6
PCIE_BF_CPU_01N_C,U1.G7
GND,U1.G8
GND,U1.G9
GND,U1.H1
GND,U1.H10
GND,U1.H11
GND,U1.H12
GND,U1.H13
3.3V,U1.H14
3.3V,U1.H15
3.3V,U1.H16
3.3V,U1.H17
(Net0),U1.H18
(Net0),U1.H19
GND,U1.H2
GND,U1.H20
VSSCPA2,U1.H21
VSSCPA2,U1.H22
VSSCPA2,U1.H23
VSSCPA2,U1.H24
VSSCPA1,U1.H25
VSSCPA1,U1.H26
VSSCPA1,U1.H27
VSSCPA1,U1.H28
GND,U1.H29
GND,U1.H3
I2C_SCL2,U1.H30
S_STRAP_SD_MH,U1.H31
NC_JTAG_CSIGHT_TRST_L,U1.H32
S_INT_P0_L,U1.H33
NC_JTAG_CSIGHT_TMS,U1.H34
NC_JTAG_CSIGHT_TDO,U1.H35
SE_USBPHY_D6,U1.H36
SE_USBPHY_D7,U1.H37
SE_USBPHY_D0,U1.H38
GND,U1.H4
GND,U1.H5
GND,U1.H6
GND,U1.H7
GND,U1.H8
GND,U1.H9
GND,U1.J1
S_VDDQPS1,U1.J10
S_VDDQPS0,U1.J11
GND,U1.J12
GND,U1.J13
3.3V,U1.J14
3.3V,U1.J15
3.3V,U1.J16
3.3V,U1.J17
(Net0),U1.J18
(Net0),U1.J19
PCIE_CPU_BF_02P,U1.J2
GND,U1.J20
VDDCPA2,U1.J21
VDDCPA2,U1.J22
VDDCPA2,U1.J23
VDDCPA2,U1.J24
VDDCPA1,U1.J25
VDDCPA1,U1.J26
VDDCPA1,U1.J27
VDDCPA1,U1.J28
GND,U1.J29
PCIE_CPU_BF_02N,U1.J3
JTAG_TCK,U1.J30
JTAG_TDI,U1.J31
JTAG_TMS,U1.J32
I2C_SCL4,U1.J33
NC_JTAG_CSIGHT_TDI,U1.J34
NC_JTAG_CSIGHT_TCK,U1.J35
SE_USBPHY_D5,U1.J36
SE_USBPHY_D2,U1.J37
SE_USBPHY_DIR,U1.J38
GND,U1.J4
GND,U1.J5
PCIE_BF_CPU_02P_C,U1.J6
PCIE_BF_CPU_02N_C,U1.J7
GND,U1.J8
GND,U1.J9
GND,U1.K1
GND,U1.K10
VCORE,U1.K11
GND,U1.K12
VCORE,U1.K13
VCORE,U1.K14
GND,U1.K15
VCORE,U1.K16
GND,U1.K17
VCORE,U1.K18
GND,U1.K19
GND,U1.K2
VCORE,U1.K20
GND,U1.K21
VCORE,U1.K22
GND,U1.K23
VCORE,U1.K24
GND,U1.K25
VCORE,U1.K26
GND,U1.K27
VCORE,U1.K28
GND,U1.K29
GND,U1.K3
GND,U1.K30
S_RESET_P0_L,U1.K31
AG_PWM,U1.K32
SE_SER_CLK,U1.K33
L_VDD_MODE0,U1.K34
S_WAKE_L,U1.K35
SE_USBPHY_D4,U1.K36
SE_USBPHY_NXT,U1.K37
SE_USBPHY_D1,U1.K38
GND,U1.K4
GND,U1.K5
GND,U1.K6
GND,U1.K7
GND,U1.K8
(Net0),U1.K9
GND,U1.L1
GND,U1.L10
GND,U1.L11
GND,U1.L12
GND,U1.L13
GND,U1.L14
VCORE,U1.L15
GND,U1.L16
VCORE,U1.L17
GND,U1.L18
VCORE,U1.L19
PCIE_CPU_BF_03P,U1.L2
GND,U1.L20
VCORE,U1.L21
GND,U1.L22
VCORE,U1.L23
GND,U1.L24
VCORE,U1.L25
GND,U1.L26
VCORE,U1.L27
GND,U1.L28
VCORE,U1.L29
PCIE_CPU_BF_03N,U1.L3
1.8V,U1.L30
MDC2_ARM,U1.L31
AG_TACH,U1.L32
S_LPMODE_P0,U1.L33
L_VDD_MODE1,U1.L34
I2C_SDA0,U1.L35
SE_USBPHY_D3,U1.L36
SE_USBPHY_CLK,U1.L37
SE_USBPHY_STP,U1.L38
GND,U1.L4
GND,U1.L5
PCIE_BF_CPU_03P_C,U1.L6
PCIE_BF_CPU_03N_C,U1.L7
GND,U1.L8
(Net0),U1.L9
GND,U1.M1
GND,U1.M10
GND,U1.M11
1.8V_VDDPLLPL,U1.M12
1.8V_VDDPLLPL,U1.M13
1.8V_VDDPLLPL,U1.M14
GND,U1.M15
VCORE,U1.M16
GND,U1.M17
VCORE,U1.M18
GND,U1.M19
GND,U1.M2
VCORE,U1.M20
GND,U1.M21
VCORE,U1.M22
GND,U1.M23
VCORE,U1.M24
GND,U1.M25
VCORE,U1.M26
GND,U1.M27
VCORE,U1.M28
GND,U1.M29
GND,U1.M3
1.8V,U1.M30
JTAG_TRST_L,U1.M31
I2C_SCL0,U1.M32
I2C_ARM_SDA0,U1.M33
SE_UART0_TXD,U1.M34
I2C_SDA1,U1.M35
S_CCLK_SELECT,U1.M36
SE_EMMC0_D5,U1.M37
SE_EMMC0_D3,U1.M38
GND,U1.M4
GND,U1.M5
GND,U1.M6
GND,U1.M7
GND,U1.M8
(Net0),U1.M9
GND,U1.N1
GND,U1.N10
GND,U1.N11
GND_VSSPLLPL,U1.N12
GND_VSSPLLPL,U1.N13
GND_VSSPLLPL,U1.N14
VCORE,U1.N15
GND,U1.N16
VCORE,U1.N17
GND,U1.N18
VCORE,U1.N19
PCIE_CPU_BF_04P,U1.N2
GND,U1.N20
VCORE,U1.N21
GND,U1.N22
VCORE,U1.N23
GND,U1.N24
VCORE,U1.N25
GND,U1.N26
VCORE,U1.N27
GND,U1.N28
VCORE,U1.N29
PCIE_CPU_BF_04N,U1.N3
I2C_SDA4,U1.N30
S_STRAP_PCORE0_REVERSAL,U1.N31
(Net0),U1.N32
SE_GMII_RX_ER,U1.N33
SE_GMII_RX_D3,U1.N34
GND,U1.N35
SE_GMII_RX_D7,U1.N36
SE_EMMC0_D4,U1.N37
SE_EMMC0_D0,U1.N38
GND,U1.N4
GND,U1.N5
PCIE_BF_CPU_04P_C,U1.N6
PCIE_BF_CPU_04N_C,U1.N7
GND,U1.N8
NC_VDDHS_SENSE,U1.N9
GND,U1.P1
GND,U1.P10
1.8V,U1.P11
1.8V,U1.P12
1.8V,U1.P13
1.8V,U1.P14
GND,U1.P15
VCORE,U1.P16
GND,U1.P17
VCORE,U1.P18
GND,U1.P19
GND,U1.P2
VCORE,U1.P20
GND,U1.P21
VCORE,U1.P22
GND,U1.P23
VCORE,U1.P24
GND,U1.P25
VCORE,U1.P26
GND,U1.P27
VCORE,U1.P28
GND,U1.P29
GND,U1.P3
(Net0),U1.P30
I2C_SCL1,U1.P31
NC_PRBP,U1.P32
GND,U1.P33
SE_GMII_RX_CLK,U1.P34
SE_GMII_RX_D1,U1.P35
SE_GMII_RX_D5,U1.P36
SE_EMMC0_D6,U1.P37
SE_EMMC0_D1,U1.P38
GND,U1.P4
GND,U1.P5
GND,U1.P6
GND,U1.P7
GND,U1.P8
1.2V,U1.P9
GND,U1.R1
GND,U1.R10
1.8V,U1.R11
1.8V,U1.R12
1.8V,U1.R13
1.8V,U1.R14
VCORE,U1.R15
GND,U1.R16
VCORE,U1.R17
GND,U1.R18
VCORE,U1.R19
PCIE_CPU_BF_05P,U1.R2
GND,U1.R20
VCORE,U1.R21
GND,U1.R22
VCORE,U1.R23
GND,U1.R24
VCORE,U1.R25
GND,U1.R26
VCORE,U1.R27
GND,U1.R28
VCORE,U1.R29
PCIE_CPU_BF_05N,U1.R3
S_SOFT_RST,U1.R30
L_FUNCMODE,U1.R31
I2C_SDA2,U1.R32
SE_GMII_RX_DV,U1.R33
SE_GMII_RX_D0,U1.R34
SE_GMII_RX_D2,U1.R35
SE_GMII_RX_D4,U1.R36
SE_EMMC0_CLK_R,U1.R37
SE_EMMC0_D2,U1.R38
GND,U1.R4
GND,U1.R5
PCIE_BF_CPU_05P_C,U1.R6
PCIE_BF_CPU_05N_C,U1.R7
GND,U1.R8
1.2V,U1.R9
GND,U1.T1
VCORE,U1.T10
GND,U1.T11
VCORE,U1.T12
GND,U1.T13
VCORE,U1.T14
GND,U1.T15
VCORE,U1.T16
GND,U1.T17
VCORE,U1.T18
GND,U1.T19
GND,U1.T2
VCORE,U1.T20
GND,U1.T21
VCORE,U1.T22
GND,U1.T23
VCORE,U1.T24
GND,U1.T25
VCORE,U1.T26
GND,U1.T27
VCORE,U1.T28
GND,U1.T29
GND,U1.T3
GND,U1.T30
S_SOC_HARD_RST_L,U1.T31
NC_PRBG,U1.T32
SE_GMII_TX_ER_R,U1.T33
SE_GMII_TX_D7_R,U1.T34
SE_GMII_TX_D2_R,U1.T35
SE_GMII_TX_D5_R,U1.T36
SE_EMMC0_CMD,U1.T37
SE_EMMC0_D7,U1.T38
GND,U1.T4
GND,U1.T5
GND,U1.T6
GND,U1.T7
GND,U1.T8
NC_VDDI_SENSE,U1.T9
GND,U1.U1
GND,U1.U10
VCORE,U1.U11
GND,U1.U12
VCORE,U1.U13
GND,U1.U14
VCORE,U1.U15
GND,U1.U16
VCORE,U1.U17
GND,U1.U18
VCORE,U1.U19
PCIE_CPU_BF_06P,U1.U2
GND,U1.U20
VCORE,U1.U21
GND,U1.U22
VCORE,U1.U23
GND,U1.U24
VCORE,U1.U25
GND,U1.U26
VCORE,U1.U27
GND,U1.U28
VCORE,U1.U29
PCIE_CPU_BF_06N,U1.U3
S_VCORE_SENSE_N,U1.U30
S_PHY_INT_R_L,U1.U31
S_UART_HUB_RST_L,U1.U32
S_STRAP_CONFIG_ROM1,U1.U33
SE_GMII_TX_D0_R,U1.U34
SE_GMII_TX_D1_R,U1.U35
SE_GMII_TX_D4_R,U1.U36
SE_GMII_RX_D6,U1.U37
SE_EMMC0_RST_L,U1.U38
GND,U1.U4
GND,U1.U5
PCIE_BF_CPU_06P_C,U1.U6
PCIE_BF_CPU_06N_C,U1.U7
GND,U1.U8
GND,U1.U9
GND,U1.V1
VCORE,U1.V10
GND,U1.V11
VCORE,U1.V12
GND,U1.V13
VCORE,U1.V14
GND,U1.V15
VCORE,U1.V16
GND,U1.V17
VCORE,U1.V18
GND,U1.V19
GND,U1.V2
VCORE,U1.V20
GND,U1.V21
VCORE,U1.V22
GND,U1.V23
VCORE,U1.V24
GND,U1.V25
VCORE,U1.V26
GND,U1.V27
VCORE,U1.V28
GND,U1.V29
GND,U1.V3
S_VCORE_SENSE_P,U1.V30
S_PORT0_PGOOD,U1.V31
I2C_ARM_SCL1,U1.V32
MDIO2_ARM,U1.V33
SE_GMII_GCLK_R,U1.V34
SE_GMII_TX_EN_R,U1.V35
SE_GMII_TX_D3_R,U1.V36
SE_GMII_TX_D6_R,U1.V37
GND,U1.V38
GND,U1.V4
GND,U1.V5
GND,U1.V6
GND,U1.V7
GND,U1.V8
3.3V,U1.V9
GND,U1.W1
GND,U1.W10
VCORE,U1.W11
GND,U1.W12
VCORE,U1.W13
GND,U1.W14
VCORE,U1.W15
GND,U1.W16
VCORE,U1.W17
GND,U1.W18
VCORE,U1.W19
PCIE_CPU_BF_07P,U1.W2
GND,U1.W20
VCORE,U1.W21
GND,U1.W22
VCORE,U1.W23
GND,U1.W24
VCORE,U1.W25
GND,U1.W26
VCORE,U1.W27
GND,U1.W28
VCORE,U1.W29
PCIE_CPU_BF_07N,U1.W3
GND,U1.W30
GND,U1.W31
GND,U1.W32
GND,U1.W33
GND,U1.W34
GND,U1.W35
GND,U1.W36
GND,U1.W37
GND,U1.W38
GND,U1.W4
GND,U1.W5
PCIE_BF_CPU_07P_C,U1.W6
PCIE_BF_CPU_07N_C,U1.W7
GND,U1.W8
3.3V,U1.W9
GND,U1.Y1
(Net0),U1.Y10
(Net0),U1.Y11
1.8V_VDDPLLPX,U1.Y12
1.8V_VDDPLLPX,U1.Y13
1.8V_VDDPLLPX,U1.Y14
GND,U1.Y15
VCORE,U1.Y16
GND,U1.Y17
VCORE,U1.Y18
GND,U1.Y19
GND,U1.Y2
VCORE,U1.Y20
GND,U1.Y21
VCORE,U1.Y22
GND,U1.Y23
VCORE,U1.Y24
GND,U1.Y25
VCORE,U1.Y26
GND,U1.Y27
VCORE,U1.Y28
GND,U1.Y29
GND,U1.Y3
GND,U1.Y30
GND,U1.Y31
GND,U1.Y32
GND,U1.Y33
DDR4_DQ62,U1.Y34
DDR4_DQ58,U1.Y35
GND,U1.Y36
DDR4_DQ55,U1.Y37
DDR4_DQ53,U1.Y38
GND,U1.Y4
GND,U1.Y5
GND,U1.Y6
GND,U1.Y7
GND,U1.Y8
(Net0),U1.Y9
(Net0),U20.1
AG_SW_VCORE_P2,U20.10
AG_SW_VCORE_P2,U20.11
AG_SW_VCORE_P2,U20.12
AG_SW_VCORE_P2,U20.13
AG_SW_VCORE_P2,U20.14
AG_SW_VCORE_P2,U20.15
AG_SW_VCORE_P2,U20.16
AG_SW_VCORE_P2,U20.17
AG_SW_VCORE_P2,U20.18
AG_SW_VCORE_P2,U20.19
GND,U20.2
GND,U20.20
GND,U20.21
GND,U20.22
GND,U20.23
GND,U20.24
12V,U20.25
12V,U20.26
12V,U20.27
12V,U20.28
12V,U20.29
S_VCC_VCORE_P2,U20.3
12V,U20.30
(Net0),U20.31
S_BOOTR_VCORE_P2,U20.32
S_BOOT_VCORE_P2,U20.33
AG_VCORE_PWM2,U20.34
S_VCORE_P2_EN,U20.35
S_TAO_VCORE,U20.36
S_LSET_VCORE_P2,U20.37
S_VCORE_ACSP2_P,U20.38
S_VCORE_ACSP2_N,U20.39
5V,U20.4
GND,U20.40
(Net0),U20.41
GND,U20.5
(Net0),U20.6
GND,U20.7
GND,U20.8
GND,U20.9
SE_NCSI_TX_D1,U2.1
(Net0),U21.1
3.3V,U21.10
USB_UART_CONV_DM_N,U21.11
USB_UART_CONV_DM_P,U21.12
GND,U21.13
(Net0),U21.14
(Net0),U21.15
3.3V,U21.16
GND,U21.17
(Net0),U21.2
S_UART_RST_L,U21.3
SE_UART0_BUFF_TXD,U21.4
SE_UART0_BUFF_RXD,U21.5
(Net0),U21.6
(Net0),U21.7
(Net0),U21.8
(Net0),U21.9
GND,U2.2
S_5V_EN,U22.1
12V,U22.2
GND,U22.3
5V,U22.4
5V,U22.5
S_5V_FB,U22.6
S_PGOOD_5V,U22.7
S_5V_SS,U22.8
GND,U22.9
(Net0),U2.3
(Net0),U23.1
I2C_VRD_SCL,U23.10
(Net0),U23.11
S_PGOOD_VCORE,U23.12
S_REG_VCORE_EN,U23.13
(Net0),U23.14
(Net0),U23.15
(Net0),U23.16
GND,U23.17
GND,U23.18
(Net0),U23.19
(Net0),U23.2
GND,U23.20
VDD_SENSE_SH,U23.21
VSS_SENSE,U23.22
S_VCORE_ACSP1_P,U23.23
S_VCORE_ACSP2_P,U23.24
(Net0),U23.25
(Net0),U23.26
(Net0),U23.27
(Net0),U23.28
(Net0),U23.29
(Net0),U23.3
(Net0),U23.30
GND,U23.31
GND,U23.32
L_VR_FAULT_L,U23.33
ADDR_PMBUS_SVID_CONT,U23.34
S_TAO_VCORE,U23.35
(Net0),U23.36
S_VINSEN_VCORE_R,U23.37
S_VINSEN_VCORE,U23.38
3.3V_VIN_CONT,U23.39
(Net0),U23.4
S_VREF_CONT,U23.40
GND,U23.41
(Net0),U23.5
(Net0),U23.6
AG_VCORE_PWM2,U23.7
AG_VCORE_PWM1,U23.8
I2C_VRD_SDA,U23.9
SE_NCSI_TX_D1_CONN,U2.4
S_CCLK_LVDS_OE,U24.1
S_NC_CCLK,U24.2
GND,U24.3
S_CCLK_LVDS_P,U24.4
S_CCLK_LVDS_N,U24.5
3.3V_CCLK_LVDS_OCS,U24.6
3.3V_SH,U2.5
SE_CLK_GEN_HUB_XO_R,U25.1
GND,U25.2
SE_CLK_GEN_HUB_XI,U25.3
GND,U25.4
S_SOC_HARD_RST_L,U2.6
SE_CLK_GEN_XI,U26.1
GND,U26.2
SE_CLK_GEN_XO_R,U26.3
GND,U26.4
S_USB_OSC_EN,U27.1
GND,U27.2
SE_USB_OSC_R,U27.3
3.3V_USB_OSC,U27.4
3.3V,U28.1
I2C_SMCLK_H0,U28.2
I2C_SMDAT_H0,U28.3
GND,U28.4
S_SOC_HARD_RST_L,U28.5
I2C_SDA_IS,U28.6
I2C_SCL_IS,U28.7
3.3V,U28.8
SE_USBPHY_D1,U29.1
(Net0),U29.10
L_USBPHY_FAULT,U29.11
3.3V_PWR_USBPHY,U29.12
NC_USBPHY_VBUS,U29.13
L_USBPHY_PSW,U29.14
SE_USB_OSC,U29.15
(Net0),U29.16
1.2V_PWR_USBPHY,U29.17
SE_USBPHY_DIR_R,U29.18
S_USBPHY_RESET_L,U29.19
SE_USBPHY_D0,U29.2
3.3V,U29.20
SE_USBPHY_STP,U29.21
SE_USBPHY_NXT_R,U29.22
SE_USBPHY_D7,U29.23
SE_USBPHY_D6,U29.24
SE_USBPHY_D5,U29.25
SE_USBPHY_D4,U29.26
SE_USBPHY_CLK_R,U29.27
L_USBPHY_CFG1,U29.28
3.3V,U29.29
3.3V,U29.3
SE_USBPHY_D3,U29.30
L_USBPHY_CS_L,U29.31
SE_USBPHY_D2,U29.32
GND,U29.33
USB_BF_N,U29.4
L_USBPHY_RREF,U29.5
USB_BF_P,U29.6
3.3V,U29.7
L_USBPHY_ID,U29.8
3.3V,U29.9
3.3V,U30.1
VDD_USB_CRFILT,U30.10
(Net0),U30.11
(Net0),U30.12
S_STRAP_NON_REM1,U30.13
S_STRAP_CFG_SEL,U30.14
S_HUB_RST_L,U30.15
L_HUB_VBUS_DECT,U30.16
S_STRAP_NON_REM0,U30.17
3.3V,U30.18
USB_CON_T_DM_N,U30.19
USB_BF_N,U30.2
USB_CON_T_DM_P,U30.20
SE_CLK_GEN_HUB_XO,U30.21
SE_CLK_GEN_HUB_XI,U30.22
VDD_USB_PLLFILT,U30.23
S_RBIAS_USB,U30.24
GND,U30.25
USB_BF_P,U30.3
USB_UART_CONV_DM_N,U30.4
USB_UART_CONV_DM_P,U30.5
(Net0),U30.6
(Net0),U30.7
(Net0),U30.8
3.3V,U30.9
SE_NCSI_TX_D0,U3.1
GND,U31.1
I2C_SCL4,U31.10
I2C_SDA4,U31.11
S_OE_DIFF0_L,U31.12
S_CLK_GEN_DIFF0_P,U31.13
S_CLK_GEN_DIFF0_N,U31.14
GND,U31.15
3.3V_GEN_CLK,U31.16
S_OE_DIFF1_L,U31.17
S_CLK_GEN_DIFF1_N,U31.18
S_CLK_GEN_DIFF1_P,U31.19
SE_CLK_GEN_XI,U31.2
GND,U31.20
3.3V_VDDA,U31.21
(Net0),U31.22
(Net0),U31.23
S_OE_DIFF2_L,U31.24
3.3V_GEN_CLK,U31.25
GND,U31.26
(Net0),U31.27
(Net0),U31.28
S_OE_DIFF3_L,U31.29
SE_CLK_GEN_XO,U31.3
GND,U31.30
S_GEN_PD,U31.31
S_SS_SEL,U31.32
GND,U31.33
3.3V_GEN_CLK,U31.4
3.3V_GEN_CLK,U31.5
S_ADDR_CLK_REF,U31.6
GND,U31.7
GND,U31.8
3.3V_GEN_CLK,U31.9
GND,U3.2
SE_NCSI_ARB_OUT,U32.1
GND,U32.2
(Net0),U32.3
SE_NCSI_ARB_OUT_CONN,U32.4
3.3V_SH,U32.5
S_SOC_HARD_RST_L,U32.6
(Net0),U3.3
SE_EMMC0_D3,U33.A1
(Net0),U33.A10
(Net0),U33.A11
(Net0),U33.A12
GND,U33.A13
GND,U33.A14
SE_EMMC0_D4,U33.A2
SE_EMMC0_D0,U33.A3
SE_EMMC0_D1,U33.A4
SE_EMMC0_D2,U33.A5
GND,U33.A6
(Net0),U33.A7
SE_EMMC0_D7,U33.A8
(Net0),U33.A9
(Net0),U33.B1
(Net0),U33.B10
(Net0),U33.B11
(Net0),U33.B12
GND,U33.B13
GND,U33.B14
SE_EMMC0_D3,U33.B2
SE_EMMC0_D4,U33.B3
SE_EMMC0_D5,U33.B4
SE_EMMC0_D6,U33.B5
SE_EMMC0_D7,U33.B6
SE_EMMC0_D7,U33.B7
(Net0),U33.B8
(Net0),U33.B9
VDDIM_EMMC,U33.C1
(Net0),U33.C10
(Net0),U33.C11
(Net0),U33.C12
(Net0),U33.C13
(Net0),U33.C14
VDDIM_EMMC,U33.C2
SE_EMMC0_D5,U33.C3
GND,U33.C4
SE_EMMC0_D6,U33.C5
3.3V,U33.C6
(Net0),U33.C7
(Net0),U33.C8
(Net0),U33.C9
SE_EMMC0_D5,U33.D1
(Net0),U33.D12
(Net0),U33.D13
(Net0),U33.D14
SE_EMMC0_D5,U33.D2
(Net0),U33.D3
GND,U33.D4
GND,U33.E1
(Net0),U33.E10
(Net0),U33.E12
(Net0),U33.E13
(Net0),U33.E14
GND,U33.E2
GND,U33.E3
(Net0),U33.E5
3.3V,U33.E6
GND,U33.E7
(Net0),U33.E8
(Net0),U33.E9
SE_EMMC0_D6,U33.F1
(Net0),U33.F10
(Net0),U33.F12
(Net0),U33.F13
(Net0),U33.F14
SE_EMMC0_D6,U33.F2
SE_EMMC0_D6,U33.F3
3.3V,U33.F5
(Net0),U33.G1
(Net0),U33.G10
(Net0),U33.G12
(Net0),U33.G13
(Net0),U33.G14
(Net0),U33.G2
(Net0),U33.G3
GND,U33.G5
(Net0),U33.H1
GND,U33.H10
(Net0),U33.H12
(Net0),U33.H13
(Net0),U33.H14
(Net0),U33.H2
(Net0),U33.H3
(Net0),U33.H5
(Net0),U33.J1
3.3V,U33.J10
(Net0),U33.J12
(Net0),U33.J13
(Net0),U33.J14
(Net0),U33.J2
(Net0),U33.J3
GND,U33.J5
SE_EMMC0_RST_L,U33.K1
(Net0),U33.K10
(Net0),U33.K12
(Net0),U33.K13
(Net0),U33.K14
SE_EMMC0_RST_L,U33.K2
SE_EMMC0_RST_L,U33.K3
SE_EMMC0_RST_L,U33.K5
(Net0),U33.K6
(Net0),U33.K7
GND,U33.K8
3.3V,U33.K9
(Net0),U33.L1
(Net0),U33.L12
(Net0),U33.L13
(Net0),U33.L14
(Net0),U33.L2
(Net0),U33.L3
(Net0),U33.M1
(Net0),U33.M10
(Net0),U33.M11
(Net0),U33.M12
(Net0),U33.M13
(Net0),U33.M14
(Net0),U33.M2
(Net0),U33.M3
3.3V,U33.M4
SE_EMMC0_CMD,U33.M5
SE_EMMC0_CLK,U33.M6
(Net0),U33.M7
(Net0),U33.M8
(Net0),U33.M9
GND,U33.N1
(Net0),U33.N10
(Net0),U33.N11
(Net0),U33.N12
GND,U33.N13
GND,U33.N14
GND,U33.N2
(Net0),U33.N3
3.3V,U33.N4
GND,U33.N5
(Net0),U33.N6
SE_EMMC0_CLK,U33.N7
(Net0),U33.N8
(Net0),U33.N9
GND,U33.P1
(Net0),U33.P10
(Net0),U33.P11
(Net0),U33.P12
GND,U33.P13
GND,U33.P14
GND,U33.P2
3.3V,U33.P3
GND,U33.P4
3.3V,U33.P5
GND,U33.P6
(Net0),U33.P7
SE_EMMC0_CLK,U33.P8
(Net0),U33.P9
SE_NCSI_TX_D0_CONN,U3.4
1.2V_DDR,U34.A1
GND,U34.A2
(Net0),U34.A3
DDR4_DBI_B1,U34.A7
GND,U34.A8
GND,U34.A9
2.5V,U34.B1
1.2V_DDR,U34.B2
DDR4_DQS1_N,U34.B3
DDR4_DQ9,U34.B7
1.2V_DDR,U34.B8
L_ZQ_2_L,U34.B9
1.2V_DDR,U34.C1
DDR4_DQ8,U34.C2
DDR4_DQS1_P,U34.C3
1.2V_DDR,U34.C7
GND,U34.C8
1.2V_DDR,U34.C9
GND,U34.D1
DDR4_DQ12,U34.D2
DDR4_DQ10,U34.D3
DDR4_DQ11,U34.D7
DDR4_DQ13,U34.D8
GND,U34.D9
GND,U34.E1
1.2V_DDR,U34.E2
DDR4_DQ14,U34.E3
DDR4_DQ15,U34.E7
1.2V_DDR,U34.E8
GND,U34.E9
1.2V_DDR,U34.F1
DDR4_ODT1,U34.F2
DDR4_ODT0,U34.F3
DDR4_CK1_P,U34.F7
DDR4_CK1_N,U34.F8
1.2V_DDR,U34.F9
GND,U34.G1
DDR4_CKE1,U34.G2
DDR4_CKE0,U34.G3
DDR4_CS0_N,U34.G7
DDR4_CS1_N,U34.G8
L_TEN,U34.G9
1.2V_DDR,U34.H1
DDR4_A14,U34.H2
DDR4_ACT_N,U34.H3
DDR4_A15,U34.H7
DDR4_A16,U34.H8
GND,U34.H9
0.6V_VREFCA,U34.J1
DDR4_BG0,U34.J2
DDR4_A10,U34.J3
DDR4_A12,U34.J7
DDR4_BG1,U34.J8
1.2V_DDR,U34.J9
GND,U34.K1
DDR4_BA0,U34.K2
DDR4_A4,U34.K3
DDR4_A3,U34.K7
DDR4_BA1,U34.K8
GND,U34.K9
DDR4_MEMRESET_L,U34.L1
DDR4_A6,U34.L2
DDR4_A0,U34.L3
DDR4_A1,U34.L7
DDR4_A5,U34.L8
DDR4_ALERT_N,U34.L9
1.2V_DDR,U34.M1
DDR4_A8,U34.M2
DDR4_A2,U34.M3
DDR4_A9,U34.M7
DDR4_A7,U34.M8
2.5V,U34.M9
GND,U34.N1
DDR4_A11,U34.N2
DDR4_PAR,U34.N3
DDR4_A17,U34.N7
DDR4_A13,U34.N8
1.2V_DDR,U34.N9
3.3V_SH,U3.5
1.2V_DDR,U35.A1
GND,U35.A2
(Net0),U35.A3
DDR4_DBI_B3,U35.A7
GND,U35.A8
GND,U35.A9
2.5V,U35.B1
1.2V_DDR,U35.B2
DDR4_DQS3_N,U35.B3
DDR4_DQ25,U35.B7
1.2V_DDR,U35.B8
L_ZQ_4_L,U35.B9
1.2V_DDR,U35.C1
DDR4_DQ24,U35.C2
DDR4_DQS3_P,U35.C3
1.2V_DDR,U35.C7
GND,U35.C8
1.2V_DDR,U35.C9
GND,U35.D1
DDR4_DQ28,U35.D2
DDR4_DQ26,U35.D3
DDR4_DQ27,U35.D7
DDR4_DQ29,U35.D8
GND,U35.D9
GND,U35.E1
1.2V_DDR,U35.E2
DDR4_DQ30,U35.E3
DDR4_DQ31,U35.E7
1.2V_DDR,U35.E8
GND,U35.E9
1.2V_DDR,U35.F1
DDR4_ODT1,U35.F2
DDR4_ODT0,U35.F3
DDR4_CK1_P,U35.F7
DDR4_CK1_N,U35.F8
1.2V_DDR,U35.F9
GND,U35.G1
DDR4_CKE1,U35.G2
DDR4_CKE0,U35.G3
DDR4_CS0_N,U35.G7
DDR4_CS1_N,U35.G8
L_TEN,U35.G9
1.2V_DDR,U35.H1
DDR4_A14,U35.H2
DDR4_ACT_N,U35.H3
DDR4_A15,U35.H7
DDR4_A16,U35.H8
GND,U35.H9
0.6V_VREFCA,U35.J1
DDR4_BG0,U35.J2
DDR4_A10,U35.J3
DDR4_A12,U35.J7
DDR4_BG1,U35.J8
1.2V_DDR,U35.J9
GND,U35.K1
DDR4_BA0,U35.K2
DDR4_A4,U35.K3
DDR4_A3,U35.K7
DDR4_BA1,U35.K8
GND,U35.K9
DDR4_MEMRESET_L,U35.L1
DDR4_A6,U35.L2
DDR4_A0,U35.L3
DDR4_A1,U35.L7
DDR4_A5,U35.L8
DDR4_ALERT_N,U35.L9
1.2V_DDR,U35.M1
DDR4_A8,U35.M2
DDR4_A2,U35.M3
DDR4_A9,U35.M7
DDR4_A7,U35.M8
2.5V,U35.M9
GND,U35.N1
DDR4_A11,U35.N2
DDR4_PAR,U35.N3
DDR4_A17,U35.N7
DDR4_A13,U35.N8
1.2V_DDR,U35.N9
S_SOC_HARD_RST_L,U3.6
1.2V_DDR,U36.A1
GND,U36.A2
(Net0),U36.A3
DDR4_DBI_B5,U36.A7
GND,U36.A8
GND,U36.A9
2.5V,U36.B1
1.2V_DDR,U36.B2
DDR4_DQS5_N,U36.B3
DDR4_DQ41,U36.B7
1.2V_DDR,U36.B8
L_ZQ_6_L,U36.B9
1.2V_DDR,U36.C1
DDR4_DQ40,U36.C2
DDR4_DQS5_P,U36.C3
1.2V_DDR,U36.C7
GND,U36.C8
1.2V_DDR,U36.C9
GND,U36.D1
DDR4_DQ44,U36.D2
DDR4_DQ42,U36.D3
DDR4_DQ43,U36.D7
DDR4_DQ45,U36.D8
GND,U36.D9
GND,U36.E1
1.2V_DDR,U36.E2
DDR4_DQ46,U36.E3
DDR4_DQ47,U36.E7
1.2V_DDR,U36.E8
GND,U36.E9
1.2V_DDR,U36.F1
DDR4_ODT1,U36.F2
DDR4_ODT0,U36.F3
DDR4_CK1_P,U36.F7
DDR4_CK1_N,U36.F8
1.2V_DDR,U36.F9
GND,U36.G1
DDR4_CKE1,U36.G2
DDR4_CKE0,U36.G3
DDR4_CS0_N,U36.G7
DDR4_CS1_N,U36.G8
L_TEN,U36.G9
1.2V_DDR,U36.H1
DDR4_A14,U36.H2
DDR4_ACT_N,U36.H3
DDR4_A15,U36.H7
DDR4_A16,U36.H8
GND,U36.H9
0.6V_VREFCA,U36.J1
DDR4_BG0,U36.J2
DDR4_A10,U36.J3
DDR4_A12,U36.J7
DDR4_BG1,U36.J8
1.2V_DDR,U36.J9
GND,U36.K1
DDR4_BA0,U36.K2
DDR4_A4,U36.K3
DDR4_A3,U36.K7
DDR4_BA1,U36.K8
GND,U36.K9
DDR4_MEMRESET_L,U36.L1
DDR4_A6,U36.L2
DDR4_A0,U36.L3
DDR4_A1,U36.L7
DDR4_A5,U36.L8
DDR4_ALERT_N,U36.L9
1.2V_DDR,U36.M1
DDR4_A8,U36.M2
DDR4_A2,U36.M3
DDR4_A9,U36.M7
DDR4_A7,U36.M8
2.5V,U36.M9
GND,U36.N1
DDR4_A11,U36.N2
DDR4_PAR,U36.N3
DDR4_A17,U36.N7
DDR4_A13,U36.N8
1.2V_DDR,U36.N9
1.2V_DDR,U37.A1
GND,U37.A2
(Net0),U37.A3
DDR4_DBI_B7,U37.A7
GND,U37.A8
GND,U37.A9
2.5V,U37.B1
1.2V_DDR,U37.B2
DDR4_DQS7_N,U37.B3
DDR4_DQ57,U37.B7
1.2V_DDR,U37.B8
L_ZQ_8_L,U37.B9
1.2V_DDR,U37.C1
DDR4_DQ56,U37.C2
DDR4_DQS7_P,U37.C3
1.2V_DDR,U37.C7
GND,U37.C8
1.2V_DDR,U37.C9
GND,U37.D1
DDR4_DQ60,U37.D2
DDR4_DQ58,U37.D3
DDR4_DQ59,U37.D7
DDR4_DQ61,U37.D8
GND,U37.D9
GND,U37.E1
1.2V_DDR,U37.E2
DDR4_DQ62,U37.E3
DDR4_DQ63,U37.E7
1.2V_DDR,U37.E8
GND,U37.E9
1.2V_DDR,U37.F1
DDR4_ODT1,U37.F2
DDR4_ODT0,U37.F3
DDR4_CK1_P,U37.F7
DDR4_CK1_N,U37.F8
1.2V_DDR,U37.F9
GND,U37.G1
DDR4_CKE1,U37.G2
DDR4_CKE0,U37.G3
DDR4_CS0_N,U37.G7
DDR4_CS1_N,U37.G8
L_TEN,U37.G9
1.2V_DDR,U37.H1
DDR4_A14,U37.H2
DDR4_ACT_N,U37.H3
DDR4_A15,U37.H7
DDR4_A16,U37.H8
GND,U37.H9
0.6V_VREFCA,U37.J1
DDR4_BG0,U37.J2
DDR4_A10,U37.J3
DDR4_A12,U37.J7
DDR4_BG1,U37.J8
1.2V_DDR,U37.J9
GND,U37.K1
DDR4_BA0,U37.K2
DDR4_A4,U37.K3
DDR4_A3,U37.K7
DDR4_BA1,U37.K8
GND,U37.K9
DDR4_MEMRESET_L,U37.L1
DDR4_A6,U37.L2
DDR4_A0,U37.L3
DDR4_A1,U37.L7
DDR4_A5,U37.L8
DDR4_ALERT_N,U37.L9
1.2V_DDR,U37.M1
DDR4_A8,U37.M2
DDR4_A2,U37.M3
DDR4_A9,U37.M7
DDR4_A7,U37.M8
2.5V,U37.M9
GND,U37.N1
DDR4_A11,U37.N2
DDR4_PAR,U37.N3
DDR4_A17,U37.N7
DDR4_A13,U37.N8
1.2V_DDR,U37.N9
VTT_REFIN,U38.1
3.3V,U38.10
GND,U38.11
1.2V_DDR,U38.2
0.6V_VTT,U38.3
GND,U38.4
0.6V_VTT,U38.5
0.6V_VREFCA,U38.6
S_0.6V_VTT_EN,U38.7
GND,U38.8
S_PGOOD_0.6V_VREF,U38.9
S_2.5V_EN,U39.1
12V,U39.2
GND,U39.3
2.5V,U39.4
2.5V,U39.5
S_2.5V_FB,U39.6
S_PGOOD_2.5V,U39.7
S_2.5V_SS,U39.8
GND,U39.9
L_UVPS_A0,U40.1
L_UVPS_A1,U40.2
L_UVPS_A2,U40.3
GND,U40.4
I2C_ARM_SDA0,U40.5
I2C_ARM_SCL0,U40.6
GND,U40.7
3.3V,U40.8
S_PWR_EN_PORT0,U41.1
12V,U41.2
GND,U41.3
3.3V_QSFP0,U41.4
3.3V_QSFP0,U41.5
S_3.3V_FB_P0,U41.6
S_PORT0_PGOOD,U41.7
S_3.3V_SS_P0,U41.8
GND,U41.9
GND,U42.1
(Net0),U42.10
3.3V_VDD_RTC,U42.2
(Net0),U42.3
I2C_ARM_SCL0,U42.4
I2C_ARM_SDA0,U42.5
GND,U42.6
(Net0),U42.7
(Net0),U42.8
3V_DIF_RTC,U42.9
S_3.3V_EN,U43.1
12V,U43.2
GND,U43.3
3.3V,U43.4
3.3V,U43.5
S_3.3V_FB,U43.6
S_PGOOD_3.3V,U43.7
S_3.3V_SS,U43.8
GND,U43.9
1.2V_DDR,U44.1
1.2V,U44.10
1.2V,U44.11
1.2V,U44.12
1.2V_DDR,U44.13
S_1.2V_SW_EN,U44.2
3.3V,U44.3
GND,U44.4
L_1.2V_SW_SS,U44.5
S_PGOOD_SW_1.2V,U44.6
1.2V,U44.7
1.2V,U44.8
1.2V,U44.9
3.3V,U45.1
3V_RTC_VBAT,U45.10
I2C_ARM_SCL0,U45.2
I2C_ARM_SDA0,U45.3
(Net0),U45.4
(Net0),U45.5
(Net0),U45.6
GND,U45.7
3.3V_VDD_RTC,U45.8
3.3V_RTC_VOUT,U45.9
I2C_SCL_TEMP,U46.1
GND,U46.2
(Net0),U46.3
AD_TEMP_SENS_GW4,U46.4
3.3V,U46.5
I2C_SDA_TEMP,U46.6
N_FRU_A0,U47.1
N_FRU_A1,U47.2
N_FRY_A2,U47.3
GND,U47.4
I2C_SMDAT_H0,U47.5
I2C_SMCLK_H0,U47.6
GND,U47.7
3.3V_SH,U47.8
GND,U47.GND
S_PGOOD_ADLY,U48.1
S_PGOOD_VCORE_BU,U48.2
GND,U48.3
S_CX_RST_L_R,U48.4
3.3V,U48.5
(Net0),U4.A2
(Net0),U4.A3
(Net0),U4.A4
(Net0),U4.A5
(Net0),U4.B1
se_SPI_CLK,U4.B2
GND,U4.B3
3.3V,U4.B4
(Net0),U4.B5
(Net0),U4.C1
SE_SPI_CS0_L,U4.C2
(Net0),U4.C3
SE_SPI_IO2,U4.C4
(Net0),U4.C5
(Net0),U4.D1
SE_SPI_IO1,U4.D2
SE_SPI_IO0,U4.D3
SE_SPI_IO3,U4.D4
(Net0),U4.D5
(Net0),U4.E1
(Net0),U4.E2
(Net0),U4.E3
(Net0),U4.E4
(Net0),U4.E5
SE_NCSI_CLK,U5.1
GND,U5.2
(Net0),U5.3
SE_NCSI_CLK_CONN,U5.4
3.3V_SH,U5.5
S_SOC_HARD_RST_L,U5.6
SE_NCSI_ARB_IN,U6.1
GND,U6.2
SE_NCSI_ARB_OUT_CONN,U6.3
SE_NCSI_ARB_IN_CONN,U6.4
3.3V_SH,U6.5
S_SOC_HARD_RST_L,U6.6
SE_CLK_GEN_GMII_XI,U7.1
GND,U7.2
SE_CLK_GEN_GMII_XO_R,U7.3
GND,U7.4
L_BUFF_OE_L,U8.1
SE_UART0_TXD,U8.2
SE_UART0_RXD,U8.3
GND,U8.4
SE_UART0_BUFF_RXD,U8.5
SE_UART0_BUFF_TXD,U8.6
L_BUFF_OE_L,U8.7
3.3V,U8.8
1.2V_DDR,U9.A1
GND,U9.A2
(Net0),U9.A3
DDR4_DBI_B6,U9.A7
GND,U9.A8
GND,U9.A9
2.5V,U9.B1
1.2V_DDR,U9.B2
DDR4_DQS6_N,U9.B3
DDR4_DQ49,U9.B7
1.2V_DDR,U9.B8
L_ZQ_7_L,U9.B9
1.2V_DDR,U9.C1
DDR4_DQ48,U9.C2
DDR4_DQS6_P,U9.C3
1.2V_DDR,U9.C7
GND,U9.C8
1.2V_DDR,U9.C9
GND,U9.D1
DDR4_DQ52,U9.D2
DDR4_DQ50,U9.D3
DDR4_DQ51,U9.D7
DDR4_DQ53,U9.D8
GND,U9.D9
GND,U9.E1
1.2V_DDR,U9.E2
DDR4_DQ54,U9.E3
DDR4_DQ55,U9.E7
1.2V_DDR,U9.E8
GND,U9.E9
1.2V_DDR,U9.F1
DDR4_ODT1,U9.F2
DDR4_ODT0,U9.F3
DDR4_CK0_P,U9.F7
DDR4_CK0_N,U9.F8
1.2V_DDR,U9.F9
GND,U9.G1
DDR4_CKE1,U9.G2
DDR4_CKE0,U9.G3
DDR4_CS0_N,U9.G7
DDR4_CS1_N,U9.G8
L_TEN,U9.G9
1.2V_DDR,U9.H1
DDR4_A14,U9.H2
DDR4_ACT_N,U9.H3
DDR4_A15,U9.H7
DDR4_A16,U9.H8
GND,U9.H9
0.6V_VREFCA,U9.J1
DDR4_BG0,U9.J2
DDR4_A10,U9.J3
DDR4_A12,U9.J7
DDR4_BG1,U9.J8
1.2V_DDR,U9.J9
GND,U9.K1
DDR4_BA0,U9.K2
DDR4_A4,U9.K3
DDR4_A3,U9.K7
DDR4_BA1,U9.K8
GND,U9.K9
DDR4_MEMRESET_L,U9.L1
DDR4_A6,U9.L2
DDR4_A0,U9.L3
DDR4_A1,U9.L7
DDR4_A5,U9.L8
DDR4_ALERT_N,U9.L9
1.2V_DDR,U9.M1
DDR4_A8,U9.M2
DDR4_A2,U9.M3
DDR4_A9,U9.M7
DDR4_A7,U9.M8
2.5V,U9.M9
GND,U9.N1
DDR4_A11,U9.N2
DDR4_PAR,U9.N3
DDR4_A17,U9.N7
DDR4_A13,U9.N8
1.2V_DDR,U9.N9
